Kanton,Anzahl Wohnräume,Leerwohnung (Typ),Anzahl/Anteil,2018,2019,2020,2021,2022
Kanton Zürich,1 Wohnraum,Leer stehendes Einfamilienhaus,Anzahl,1,5,5,13,2
Kanton Zürich,1 Wohnraum,Leer stehendes Einfamilienhaus,Anzahl,1,5,5,13,2
Kanton Zürich,1 Wohnraum,Leer stehendes Einfamilienhaus,Anzahl,1,5,5,13,2
Kanton Zürich,1 Wohnraum,Leer stehende Wohnung in Mehrfamilienhaus,Anzahl,344,349,426,493,412
Kanton Zürich,1 Wohnraum,Leer stehende Neubauwohnung,Anzahl,34,36,47,25,59
Kanton Zürich,1 Wohnraum,Leer stehende Altbauwohnung,Anzahl,311,318,384,481,355
Kanton Zürich,1 Wohnraum,Leer stehende Mietwohnung,Anzahl,339,340,418,489,389
Kanton Zürich,1 Wohnraum,Leer stehende Eigentumswohnung,Anzahl,6,14,13,17,25
Kanton Zürich,2 Wohnräume,Leer stehendes Einfamilienhaus,Anzahl,22,26,25,17,24
Kanton Zürich,2 Wohnräume,Leer stehende Wohnung in Mehrfamilienhaus,Anzahl,1035,980,1023,962,817
Kanton Zürich,2 Wohnräume,Leer stehende Neubauwohnung,Anzahl,258,179,168,111,108
Kanton Zürich,2 Wohnräume,Leer stehende Altbauwohnung,Anzahl,799,827,880,868,733
Kanton Zürich,2 Wohnräume,Leer stehende Mietwohnung,Anzahl,989,915,993,914,759
Kanton Zürich,2 Wohnräume,Leer stehende Eigentumswohnung,Anzahl,68,91,55,65,82
Kanton Zürich,3 Wohnräume,Leer stehendes Einfamilienhaus,Anzahl,64,79,73,37,29
Kanton Zürich,3 Wohnräume,Leer stehende Wohnung in Mehrfamilienhaus,Anzahl,2275,2080,1982,1799,1436
Kanton Zürich,3 Wohnräume,Leer stehende Neubauwohnung,Anzahl,509,363,331,219,144
Kanton Zürich,3 Wohnräume,Leer stehende Altbauwohnung,Anzahl,1830,1796,1724,1617,1321
Kanton Zürich,3 Wohnräume,Leer stehende Mietwohnung,Anzahl,2140,1937,1888,1643,1318
Kanton Zürich,3 Wohnräume,Leer stehende Eigentumswohnung,Anzahl,199,222,167,193,147
Kanton Zürich,4 Wohnräume,Leer stehendes Einfamilienhaus,Anzahl,151,146,148,112,116
Kanton Zürich,4 Wohnräume,Leer stehende Wohnung in Mehrfamilienhaus,Anzahl,2216,1884,2088,1352,1101
Kanton Zürich,4 Wohnräume,Leer stehende Neubauwohnung,Anzahl,483,346,478,172,156
Kanton Zürich,4 Wohnräume,Leer stehende Altbauwohnung,Anzahl,1884,1684,1758,1292,1061
Kanton Zürich,4 Wohnräume,Leer stehende Mietwohnung,Anzahl,2023,1719,1931,1234,1000
Kanton Zürich,4 Wohnräume,Leer stehende Eigentumswohnung,Anzahl,344,311,305,230,217
Kanton Zürich,5 Wohnräume,Leer stehendes Einfamilienhaus,Anzahl,225,213,187,146,161
Kanton Zürich,5 Wohnräume,Leer stehende Wohnung in Mehrfamilienhaus,Anzahl,600,513,507,316,314
Kanton Zürich,5 Wohnräume,Leer stehende Neubauwohnung,Anzahl,153,136,110,50,46
Kanton Zürich,5 Wohnräume,Leer stehende Altbauwohnung,Anzahl,672,590,584,412,429
Kanton Zürich,5 Wohnräume,Leer stehende Mietwohnung,Anzahl,582,517,518,287,307
Kanton Zürich,5 Wohnräume,Leer stehende Eigentumswohnung,Anzahl,243,209,176,175,168
Kanton Zürich,6 Wohnräume und mehr,Leer stehendes Einfamilienhaus,Anzahl,248,256,252,175,164
Kanton Zürich,6 Wohnräume und mehr,Leer stehende Wohnung in Mehrfamilienhaus,Anzahl,148,123,132,95,84
Kanton Zürich,6 Wohnräume und mehr,Leer stehende Neubauwohnung,Anzahl,74,58,86,44,40
Kanton Zürich,6 Wohnräume und mehr,Leer stehende Altbauwohnung,Anzahl,322,321,298,226,208
Kanton Zürich,6 Wohnräume und mehr,Leer stehende Mietwohnung,Anzahl,187,183,216,119,122
Kanton Zürich,6 Wohnräume und mehr,Leer stehende Eigentumswohnung,Anzahl,209,196,168,151,126
Kanton Bern,1 Wohnraum,Leer stehendes Einfamilienhaus,Anzahl,4,8,14,12,7
Kanton Bern,1 Wohnraum,Leer stehende Wohnung in Mehrfamilienhaus,Anzahl,636,673,803,730,658
Kanton Bern,1 Wohnraum,Leer stehende Neubauwohnung,Anzahl,21,23,40,42,28
Kanton Bern,1 Wohnraum,Leer stehende Altbauwohnung,Anzahl,619,658,777,700,637
Kanton Bern,1 Wohnraum,Leer stehende Mietwohnung,Anzahl,608,660,783,717,639
Kanton Bern,1 Wohnraum,Leer stehende Eigentumswohnung,Anzahl,32,21,34,25,26
Kanton Bern,2 Wohnräume,Leer stehendes Einfamilienhaus,Anzahl,17,23,32,22,16
Kanton Bern,2 Wohnräume,Leer stehende Wohnung in Mehrfamilienhaus,Anzahl,1563,1572,1597,1509,1400
Kanton Bern,2 Wohnräume,Leer stehende Neubauwohnung,Anzahl,128,109,141,73,77
Kanton Bern,2 Wohnräume,Leer stehende Altbauwohnung,Anzahl,1452,1486,1488,1458,1339
Kanton Bern,2 Wohnräume,Leer stehende Mietwohnung,Anzahl,1474,1498,1536,1434,1333
Kanton Bern,2 Wohnräume,Leer stehende Eigentumswohnung,Anzahl,106,97,93,97,83
Kanton Bern,3 Wohnräume,Leer stehendes Einfamilienhaus,Anzahl,72,85,66,59,55
Kanton Bern,3 Wohnräume,Leer stehende Wohnung in Mehrfamilienhaus,Anzahl,3596,3658,3640,3289,3057
Kanton Bern,3 Wohnräume,Leer stehende Neubauwohnung,Anzahl,224,321,286,185,150
Kanton Bern,3 Wohnräume,Leer stehende Altbauwohnung,Anzahl,3444,3422,3420,3163,2962
Kanton Bern,3 Wohnräume,Leer stehende Mietwohnung,Anzahl,3397,3470,3435,3130,2904
Kanton Bern,3 Wohnräume,Leer stehende Eigentumswohnung,Anzahl,271,273,271,218,208
Kanton Bern,4 Wohnräume,Leer stehendes Einfamilienhaus,Anzahl,201,240,190,150,156
Kanton Bern,4 Wohnräume,Leer stehende Wohnung in Mehrfamilienhaus,Anzahl,2811,2990,2972,2451,2282
Kanton Bern,4 Wohnräume,Leer stehende Neubauwohnung,Anzahl,318,355,267,217,170
Kanton Bern,4 Wohnräume,Leer stehende Altbauwohnung,Anzahl,2694,2875,2895,2384,2268
Kanton Bern,4 Wohnräume,Leer stehende Mietwohnung,Anzahl,2579,2736,2698,2271,2110
Kanton Bern,4 Wohnräume,Leer stehende Eigentumswohnung,Anzahl,433,494,464,330,328
Kanton Bern,5 Wohnräume,Leer stehendes Einfamilienhaus,Anzahl,270,325,296,213,195
Kanton Bern,5 Wohnräume,Leer stehende Wohnung in Mehrfamilienhaus,Anzahl,617,589,619,498,490
Kanton Bern,5 Wohnräume,Leer stehende Neubauwohnung,Anzahl,123,111,106,97,78
Kanton Bern,5 Wohnräume,Leer stehende Altbauwohnung,Anzahl,764,803,809,614,607
Kanton Bern,5 Wohnräume,Leer stehende Mietwohnung,Anzahl,599,585,611,505,486
Kanton Bern,5 Wohnräume,Leer stehende Eigentumswohnung,Anzahl,288,329,304,206,199
Kanton Bern,6 Wohnräume und mehr,Leer stehendes Einfamilienhaus,Anzahl,273,284,233,190,175
Kanton Bern,6 Wohnräume und mehr,Leer stehende Wohnung in Mehrfamilienhaus,Anzahl,257,194,216,189,142
Kanton Bern,6 Wohnräume und mehr,Leer stehende Neubauwohnung,Anzahl,28,42,27,16,8
Kanton Bern,6 Wohnräume und mehr,Leer stehende Altbauwohnung,Anzahl,502,436,422,363,309
Kanton Bern,6 Wohnräume und mehr,Leer stehende Mietwohnung,Anzahl,256,205,207,192,141
Kanton Bern,6 Wohnräume und mehr,Leer stehende Eigentumswohnung,Anzahl,274,273,242,187,176
Kanton Luzern,1 Wohnraum,Leer stehendes Einfamilienhaus,Anzahl,0,0,2,0,2
Kanton Luzern,1 Wohnraum,Leer stehende Wohnung in Mehrfamilienhaus,Anzahl,137,121,178,165,152
Kanton Luzern,1 Wohnraum,Leer stehende Neubauwohnung,Anzahl,2,8,21,7,3
Kanton Luzern,1 Wohnraum,Leer stehende Altbauwohnung,Anzahl,135,113,159,158,151
Kanton Luzern,1 Wohnraum,Leer stehende Mietwohnung,Anzahl,129,119,177,159,152
Kanton Luzern,1 Wohnraum,Leer stehende Eigentumswohnung,Anzahl,8,2,3,6,2
Kanton Luzern,2 Wohnräume,Leer stehendes Einfamilienhaus,Anzahl,2,1,2,1,1
Kanton Luzern,2 Wohnräume,Leer stehende Wohnung in Mehrfamilienhaus,Anzahl,416,384,354,397,316
Kanton Luzern,2 Wohnräume,Leer stehende Neubauwohnung,Anzahl,65,93,85,35,17
Kanton Luzern,2 Wohnräume,Leer stehende Altbauwohnung,Anzahl,353,292,271,363,300
Kanton Luzern,2 Wohnräume,Leer stehende Mietwohnung,Anzahl,379,371,336,360,300
Kanton Luzern,2 Wohnräume,Leer stehende Eigentumswohnung,Anzahl,39,14,20,38,17
Kanton Luzern,3 Wohnräume,Leer stehendes Einfamilienhaus,Anzahl,9,3,4,5,4
Kanton Luzern,3 Wohnräume,Leer stehendes Einfamilienhaus,Anzahl,9,3,4,5,4
Kanton Luzern,3 Wohnräume,Leer stehendes Einfamilienhaus,Anzahl,9,3,4,5,4
Kanton Luzern,3 Wohnräume,Leer stehende Wohnung in Mehrfamilienhaus,Anzahl,927,1126,1095,881,662
Kanton Luzern,3 Wohnräume,Leer stehende Neubauwohnung,Anzahl,178,347,235,95,38
Kanton Luzern,3 Wohnräume,Leer stehende Altbauwohnung,Anzahl,758,782,864,791,628
Kanton Luzern,3 Wohnräume,Leer stehende Mietwohnung,Anzahl,837,1057,1017,739,628
Kanton Luzern,3 Wohnräume,Leer stehende Eigentumswohnung,Anzahl,99,72,82,147,38
Kanton Luzern,4 Wohnräume,Leer stehendes Einfamilienhaus,Anzahl,16,16,27,8,18
Kanton Luzern,4 Wohnräume,Leer stehende Wohnung in Mehrfamilienhaus,Anzahl,931,994,1017,782,527
Kanton Luzern,4 Wohnräume,Leer stehende Neubauwohnung,Anzahl,188,209,169,58,23
Kanton Luzern,4 Wohnräume,Leer stehende Altbauwohnung,Anzahl,759,801,875,732,522
Kanton Luzern,4 Wohnräume,Leer stehende Mietwohnung,Anzahl,801,888,935,654,480
Kanton Luzern,4 Wohnräume,Leer stehende Eigentumswohnung,Anzahl,146,122,109,136,65
Kanton Luzern,5 Wohnräume,Leer stehendes Einfamilienhaus,Anzahl,46,48,39,31,28
Kanton Luzern,5 Wohnräume,Leer stehende Wohnung in Mehrfamilienhaus,Anzahl,231,199,212,157,107
Kanton Luzern,5 Wohnräume,Leer stehende Neubauwohnung,Anzahl,52,40,29,11,5
Kanton Luzern,5 Wohnräume,Leer stehende Altbauwohnung,Anzahl,225,207,222,177,130
Kanton Luzern,5 Wohnräume,Leer stehende Mietwohnung,Anzahl,207,183,200,141,100
Kanton Luzern,5 Wohnräume,Leer stehende Eigentumswohnung,Anzahl,70,64,51,47,35
Kanton Luzern,6 Wohnräume und mehr,Leer stehendes Einfamilienhaus,Anzahl,54,45,53,26,37
Kanton Luzern,6 Wohnräume und mehr,Leer stehende Wohnung in Mehrfamilienhaus,Anzahl,45,54,54,60,31
Kanton Luzern,6 Wohnräume und mehr,Leer stehende Neubauwohnung,Anzahl,3,16,5,0,2
Kanton Luzern,6 Wohnräume und mehr,Leer stehende Altbauwohnung,Anzahl,96,83,102,86,66
Kanton Luzern,6 Wohnräume und mehr,Leer stehende Mietwohnung,Anzahl,67,60,64,58,41
Kanton Luzern,6 Wohnräume und mehr,Leer stehende Eigentumswohnung,Anzahl,32,39,43,28,27
Kanton Uri,1 Wohnraum,Leer stehendes Einfamilienhaus,Anzahl,0,0,0,1,0
Kanton Uri,1 Wohnraum,Leer stehende Wohnung in Mehrfamilienhaus,Anzahl,24,27,15,19,10
Kanton Uri,1 Wohnraum,Leer stehende Neubauwohnung,Anzahl,2,0,5,10,1
Kanton Uri,1 Wohnraum,Leer stehende Altbauwohnung,Anzahl,22,27,10,10,9
Kanton Uri,1 Wohnraum,Leer stehende Mietwohnung,Anzahl,23,26,14,20,10
Kanton Uri,1 Wohnraum,Leer stehende Eigentumswohnung,Anzahl,1,1,1,0,0
Kanton Uri,2 Wohnräume,Leer stehendes Einfamilienhaus,Anzahl,0,0,0,0,0
Kanton Uri,2 Wohnräume,Leer stehende Wohnung in Mehrfamilienhaus,Anzahl,38,59,40,72,26
Kanton Uri,2 Wohnräume,Leer stehende Neubauwohnung,Anzahl,4,13,12,10,2
Kanton Uri,2 Wohnräume,Leer stehende Altbauwohnung,Anzahl,34,46,28,62,24
Kanton Uri,2 Wohnräume,Leer stehende Mietwohnung,Anzahl,34,52,38,70,25
Kanton Uri,2 Wohnräume,Leer stehende Eigentumswohnung,Anzahl,4,7,2,2,1
Kanton Uri,3 Wohnräume,Leer stehendes Einfamilienhaus,Anzahl,1,1,1,3,0
Kanton Uri,3 Wohnräume,Leer stehende Wohnung in Mehrfamilienhaus,Anzahl,68,119,86,95,54
Kanton Uri,3 Wohnräume,Leer stehende Neubauwohnung,Anzahl,18,43,9,2,1
Kanton Uri,3 Wohnräume,Leer stehende Altbauwohnung,Anzahl,51,77,78,96,53
Kanton Uri,3 Wohnräume,Leer stehende Mietwohnung,Anzahl,60,86,76,94,47
Kanton Uri,3 Wohnräume,Leer stehende Eigentumswohnung,Anzahl,9,34,11,4,7
Kanton Uri,4 Wohnräume,Leer stehendes Einfamilienhaus,Anzahl,6,9,1,3,4
Kanton Uri,4 Wohnräume,Leer stehende Wohnung in Mehrfamilienhaus,Anzahl,89,117,98,105,51
Kanton Uri,4 Wohnräume,Leer stehende Neubauwohnung,Anzahl,22,24,7,18,6
Kanton Uri,4 Wohnräume,Leer stehende Altbauwohnung,Anzahl,73,102,92,90,49
Kanton Uri,4 Wohnräume,Leer stehende Mietwohnung,Anzahl,74,102,88,95,44
Kanton Uri,4 Wohnräume,Leer stehende Eigentumswohnung,Anzahl,21,24,11,13,11
Kanton Uri,5 Wohnräume,Leer stehendes Einfamilienhaus,Anzahl,7,7,6,9,9
Kanton Uri,5 Wohnräume,Leer stehende Wohnung in Mehrfamilienhaus,Anzahl,22,21,22,23,11
Kanton Uri,5 Wohnräume,Leer stehende Neubauwohnung,Anzahl,9,5,5,8,4
Kanton Uri,5 Wohnräume,Leer stehende Altbauwohnung,Anzahl,20,23,23,24,16
Kanton Uri,5 Wohnräume,Leer stehende Mietwohnung,Anzahl,21,23,20,21,10
Kanton Uri,5 Wohnräume,Leer stehende Eigentumswohnung,Anzahl,8,5,8,11,10
Kanton Uri,6 Wohnräume und mehr,Leer stehendes Einfamilienhaus,Anzahl,13,11,12,14,6
Kanton Uri,6 Wohnräume und mehr,Leer stehende Wohnung in Mehrfamilienhaus,Anzahl,9,5,8,14,8
Kanton Uri,6 Wohnräume und mehr,Leer stehende Neubauwohnung,Anzahl,1,3,0,1,2
Kanton Uri,6 Wohnräume und mehr,Leer stehende Altbauwohnung,Anzahl,21,13,20,27,12
Kanton Uri,6 Wohnräume und mehr,Leer stehende Mietwohnung,Anzahl,11,10,7,14,3
Kanton Uri,6 Wohnräume und mehr,Leer stehende Eigentumswohnung,Anzahl,11,6,13,14,11
Kanton Schwyz,1 Wohnraum,Leer stehendes Einfamilienhaus,Anzahl,0,0,0,0,1
Kanton Schwyz,1 Wohnraum,Leer stehende Wohnung in Mehrfamilienhaus,Anzahl,35,52,71,66,45
Kanton Schwyz,1 Wohnraum,Leer stehende Neubauwohnung,Anzahl,2,2,5,6,0
Kanton Schwyz,1 Wohnraum,Leer stehende Altbauwohnung,Anzahl,33,50,66,60,46
Kanton Schwyz,1 Wohnraum,Leer stehende Mietwohnung,Anzahl,35,49,70,64,42
Kanton Schwyz,1 Wohnraum,Leer stehende Eigentumswohnung,Anzahl,0,3,1,2,4
Kanton Schwyz,2 Wohnräume,Leer stehendes Einfamilienhaus,Anzahl,0,0,0,1,1
Kanton Schwyz,2 Wohnräume,Leer stehende Wohnung in Mehrfamilienhaus,Anzahl,120,134,146,123,105
Kanton Schwyz,2 Wohnräume,Leer stehende Neubauwohnung,Anzahl,9,13,22,7,10
Kanton Schwyz,2 Wohnräume,Leer stehende Altbauwohnung,Anzahl,111,121,124,117,96
Kanton Schwyz,2 Wohnräume,Leer stehende Mietwohnung,Anzahl,108,114,130,107,98
Kanton Schwyz,2 Wohnräume,Leer stehende Eigentumswohnung,Anzahl,12,20,16,17,8
Kanton Schwyz,3 Wohnräume,Leer stehendes Einfamilienhaus,Anzahl,3,5,2,7,2
Kanton Schwyz,3 Wohnräume,Leer stehende Wohnung in Mehrfamilienhaus,Anzahl,337,305,270,215,168
Kanton Schwyz,3 Wohnräume,Leer stehende Neubauwohnung,Anzahl,60,34,33,16,18
Kanton Schwyz,3 Wohnräume,Leer stehende Altbauwohnung,Anzahl,280,276,239,206,152
Kanton Schwyz,3 Wohnräume,Leer stehende Mietwohnung,Anzahl,298,265,225,198,159
Kanton Schwyz,3 Wohnräume,Leer stehende Eigentumswohnung,Anzahl,42,45,47,24,11
Kanton Schwyz,4 Wohnräume,Leer stehendes Einfamilienhaus,Anzahl,12,34,12,17,11
Kanton Schwyz,4 Wohnräume,Leer stehende Wohnung in Mehrfamilienhaus,Anzahl,395,353,319,221,146
Kanton Schwyz,4 Wohnräume,Leer stehende Neubauwohnung,Anzahl,53,44,24,24,7
Kanton Schwyz,4 Wohnräume,Leer stehende Altbauwohnung,Anzahl,354,343,307,214,150
Kanton Schwyz,4 Wohnräume,Leer stehende Mietwohnung,Anzahl,332,290,263,200,121
Kanton Schwyz,4 Wohnräume,Leer stehende Eigentumswohnung,Anzahl,75,97,68,38,36
Kanton Schwyz,5 Wohnräume,Leer stehendes Einfamilienhaus,Anzahl,36,44,41,35,22
Kanton Schwyz,5 Wohnräume,Leer stehende Wohnung in Mehrfamilienhaus,Anzahl,107,128,117,63,53
Kanton Schwyz,5 Wohnräume,Leer stehende Neubauwohnung,Anzahl,16,21,15,4,2
Kanton Schwyz,5 Wohnräume,Leer stehende Altbauwohnung,Anzahl,127,151,143,94,73
Kanton Schwyz,5 Wohnräume,Leer stehende Mietwohnung,Anzahl,90,115,89,64,39
Kanton Schwyz,5 Wohnräume,Leer stehende Eigentumswohnung,Anzahl,53,57,69,34,36
Kanton Schwyz,6 Wohnräume und mehr,Leer stehendes Einfamilienhaus,Anzahl,43,49,39,31,21
Kanton Schwyz,6 Wohnräume und mehr,Leer stehende Wohnung in Mehrfamilienhaus,Anzahl,32,32,25,23,13
Kanton Schwyz,6 Wohnräume und mehr,Leer stehende Neubauwohnung,Anzahl,1,3,2,2,0
Kanton Schwyz,6 Wohnräume und mehr,Leer stehende Altbauwohnung,Anzahl,74,78,62,52,34
Kanton Schwyz,6 Wohnräume und mehr,Leer stehende Mietwohnung,Anzahl,26,28,18,23,14
Kanton Schwyz,6 Wohnräume und mehr,Leer stehende Eigentumswohnung,Anzahl,49,53,46,31,20
Kanton Obwalden,1 Wohnraum,Leer stehendes Einfamilienhaus,Anzahl,0,0,0,0,0
Kanton Obwalden,1 Wohnraum,Leer stehende Wohnung in Mehrfamilienhaus,Anzahl,10,20,22,23,9
Kanton Obwalden,1 Wohnraum,Leer stehende Neubauwohnung,Anzahl,0,1,0,0,0
Kanton Obwalden,1 Wohnraum,Leer stehende Altbauwohnung,Anzahl,10,19,22,23,9
Kanton Obwalden,1 Wohnraum,Leer stehende Mietwohnung,Anzahl,10,14,16,19,7
Kanton Obwalden,1 Wohnraum,Leer stehende Eigentumswohnung,Anzahl,0,6,6,4,2
Kanton Obwalden,2 Wohnräume,Leer stehendes Einfamilienhaus,Anzahl,0,0,0,0,0
Kanton Obwalden,2 Wohnräume,Leer stehende Wohnung in Mehrfamilienhaus,Anzahl,24,31,34,43,24
Kanton Obwalden,2 Wohnräume,Leer stehende Neubauwohnung,Anzahl,0,3,1,5,2
Kanton Obwalden,2 Wohnräume,Leer stehende Altbauwohnung,Anzahl,24,28,33,38,22
Kanton Obwalden,2 Wohnräume,Leer stehende Mietwohnung,Anzahl,15,24,23,31,21
Kanton Obwalden,2 Wohnräume,Leer stehende Eigentumswohnung,Anzahl,9,7,11,12,3
Kanton Obwalden,3 Wohnräume,Leer stehendes Einfamilienhaus,Anzahl,0,1,2,4,0
Kanton Obwalden,3 Wohnräume,Leer stehende Wohnung in Mehrfamilienhaus,Anzahl,42,52,59,60,29
Kanton Obwalden,3 Wohnräume,Leer stehende Neubauwohnung,Anzahl,2,2,1,9,5
Kanton Obwalden,3 Wohnräume,Leer stehende Altbauwohnung,Anzahl,40,51,60,55,24
Kanton Obwalden,3 Wohnräume,Leer stehende Mietwohnung,Anzahl,33,41,45,39,24
Kanton Obwalden,3 Wohnräume,Leer stehende Eigentumswohnung,Anzahl,9,12,16,25,5
Kanton Obwalden,4 Wohnräume,Leer stehendes Einfamilienhaus,Anzahl,1,5,7,3,1
Kanton Obwalden,4 Wohnräume,Leer stehende Wohnung in Mehrfamilienhaus,Anzahl,35,40,37,47,26
Kanton Obwalden,4 Wohnräume,Leer stehende Neubauwohnung,Anzahl,4,2,5,7,2
Kanton Obwalden,4 Wohnräume,Leer stehende Altbauwohnung,Anzahl,32,43,39,43,25
Kanton Obwalden,4 Wohnräume,Leer stehende Mietwohnung,Anzahl,27,34,28,34,22
Kanton Obwalden,4 Wohnräume,Leer stehende Eigentumswohnung,Anzahl,9,11,16,16,5
Kanton Obwalden,5 Wohnräume,Leer stehendes Einfamilienhaus,Anzahl,6,10,8,5,1
Kanton Obwalden,5 Wohnräume,Leer stehende Wohnung in Mehrfamilienhaus,Anzahl,21,19,20,22,12
Kanton Obwalden,5 Wohnräume,Leer stehende Neubauwohnung,Anzahl,2,0,5,8,1
Kanton Obwalden,5 Wohnräume,Leer stehende Altbauwohnung,Anzahl,25,29,23,19,12
Kanton Obwalden,5 Wohnräume,Leer stehende Mietwohnung,Anzahl,20,19,21,11,9
Kanton Obwalden,5 Wohnräume,Leer stehende Eigentumswohnung,Anzahl,7,10,7,16,4
Kanton Obwalden,6 Wohnräume und mehr,Leer stehendes Einfamilienhaus,Anzahl,5,4,6,2,1
Kanton Obwalden,6 Wohnräume und mehr,Leer stehende Wohnung in Mehrfamilienhaus,Anzahl,6,5,5,3,3
Kanton Obwalden,6 Wohnräume und mehr,Leer stehende Neubauwohnung,Anzahl,0,0,2,0,0
Kanton Obwalden,6 Wohnräume und mehr,Leer stehende Altbauwohnung,Anzahl,11,9,9,5,4
Kanton Obwalden,6 Wohnräume und mehr,Leer stehende Mietwohnung,Anzahl,5,8,8,0,1
Kanton Obwalden,6 Wohnräume und mehr,Leer stehende Eigentumswohnung,Anzahl,6,1,3,5,3
Kanton Nidwalden,1 Wohnraum,Leer stehendes Einfamilienhaus,Anzahl,1,0,1,0,0
Kanton Nidwalden,1 Wohnraum,Leer stehende Wohnung in Mehrfamilienhaus,Anzahl,22,14,36,28,15
Kanton Nidwalden,1 Wohnraum,Leer stehende Neubauwohnung,Anzahl,0,0,2,6,0
Kanton Nidwalden,1 Wohnraum,Leer stehende Altbauwohnung,Anzahl,23,14,35,22,15
Kanton Nidwalden,1 Wohnraum,Leer stehende Mietwohnung,Anzahl,21,13,35,26,14
Kanton Nidwalden,1 Wohnraum,Leer stehende Eigentumswohnung,Anzahl,2,1,2,2,1
Kanton Nidwalden,2 Wohnräume,Leer stehendes Einfamilienhaus,Anzahl,6,0,0,0,0
Kanton Nidwalden,2 Wohnräume,Leer stehende Wohnung in Mehrfamilienhaus,Anzahl,37,38,51,45,24
Kanton Nidwalden,2 Wohnräume,Leer stehende Neubauwohnung,Anzahl,2,1,8,6,3
Kanton Nidwalden,2 Wohnräume,Leer stehende Altbauwohnung,Anzahl,41,37,43,39,21
Kanton Nidwalden,2 Wohnräume,Leer stehende Mietwohnung,Anzahl,43,35,49,38,21
Kanton Nidwalden,2 Wohnräume,Leer stehende Eigentumswohnung,Anzahl,0,3,2,7,3
Kanton Nidwalden,3 Wohnräume,Leer stehendes Einfamilienhaus,Anzahl,9,2,2,1,0
Kanton Nidwalden,3 Wohnräume,Leer stehende Wohnung in Mehrfamilienhaus,Anzahl,117,86,108,57,58
Kanton Nidwalden,3 Wohnräume,Leer stehende Neubauwohnung,Anzahl,15,5,9,9,0
Kanton Nidwalden,3 Wohnräume,Leer stehende Altbauwohnung,Anzahl,111,83,101,49,58
Kanton Nidwalden,3 Wohnräume,Leer stehende Mietwohnung,Anzahl,112,72,97,52,54
Kanton Nidwalden,3 Wohnräume,Leer stehende Eigentumswohnung,Anzahl,14,16,13,6,4
Kanton Nidwalden,4 Wohnräume,Leer stehendes Einfamilienhaus,Anzahl,5,2,3,0,1
Kanton Nidwalden,4 Wohnräume,Leer stehende Wohnung in Mehrfamilienhaus,Anzahl,139,126,131,110,50
Kanton Nidwalden,4 Wohnräume,Leer stehende Neubauwohnung,Anzahl,19,7,10,16,6
Kanton Nidwalden,4 Wohnräume,Leer stehende Altbauwohnung,Anzahl,125,121,124,94,45
Kanton Nidwalden,4 Wohnräume,Leer stehende Mietwohnung,Anzahl,113,101,118,98,45
Kanton Nidwalden,4 Wohnräume,Leer stehende Eigentumswohnung,Anzahl,31,27,16,12,6
Kanton Nidwalden,5 Wohnräume,Leer stehendes Einfamilienhaus,Anzahl,8,7,7,1,1
Kanton Nidwalden,5 Wohnräume,Leer stehende Wohnung in Mehrfamilienhaus,Anzahl,46,41,34,20,14
Kanton Nidwalden,5 Wohnräume,Leer stehende Neubauwohnung,Anzahl,4,9,2,2,0
Kanton Nidwalden,5 Wohnräume,Leer stehende Altbauwohnung,Anzahl,50,39,39,19,15
Kanton Nidwalden,5 Wohnräume,Leer stehende Mietwohnung,Anzahl,39,29,27,17,12
Kanton Nidwalden,5 Wohnräume,Leer stehende Eigentumswohnung,Anzahl,15,19,14,4,3
Kanton Nidwalden,6 Wohnräume und mehr,Leer stehendes Einfamilienhaus,Anzahl,12,3,6,6,3
Kanton Nidwalden,6 Wohnräume und mehr,Leer stehende Wohnung in Mehrfamilienhaus,Anzahl,12,10,13,6,6
Kanton Nidwalden,6 Wohnräume und mehr,Leer stehende Neubauwohnung,Anzahl,3,1,0,0,0
Kanton Nidwalden,6 Wohnräume und mehr,Leer stehende Altbauwohnung,Anzahl,21,12,19,12,9
Kanton Nidwalden,6 Wohnräume und mehr,Leer stehende Mietwohnung,Anzahl,11,6,13,5,4
Kanton Nidwalden,6 Wohnräume und mehr,Leer stehende Eigentumswohnung,Anzahl,13,7,6,7,5
Kanton Glarus,1 Wohnraum,Leer stehendes Einfamilienhaus,Anzahl,0,0,0,5,0
Kanton Glarus,1 Wohnraum,Leer stehende Wohnung in Mehrfamilienhaus,Anzahl,26,30,41,38,23
Kanton Glarus,1 Wohnraum,Leer stehende Neubauwohnung,Anzahl,5,10,18,5,3
Kanton Glarus,1 Wohnraum,Leer stehende Altbauwohnung,Anzahl,21,20,23,38,20
Kanton Glarus,1 Wohnraum,Leer stehende Mietwohnung,Anzahl,26,30,41,43,23
Kanton Glarus,1 Wohnraum,Leer stehende Eigentumswohnung,Anzahl,0,0,0,0,0
Kanton Glarus,2 Wohnräume,Leer stehendes Einfamilienhaus,Anzahl,0,0,0,0,0
Kanton Glarus,2 Wohnräume,Leer stehende Wohnung in Mehrfamilienhaus,Anzahl,38,50,50,58,50
Kanton Glarus,2 Wohnräume,Leer stehende Neubauwohnung,Anzahl,15,13,6,22,8
Kanton Glarus,2 Wohnräume,Leer stehende Altbauwohnung,Anzahl,23,37,44,36,42
Kanton Glarus,2 Wohnräume,Leer stehende Mietwohnung,Anzahl,38,44,39,53,50
Kanton Glarus,2 Wohnräume,Leer stehende Eigentumswohnung,Anzahl,0,6,11,5,0
Kanton Glarus,3 Wohnräume,Leer stehendes Einfamilienhaus,Anzahl,3,12,14,16,3
Kanton Glarus,3 Wohnräume,Leer stehende Wohnung in Mehrfamilienhaus,Anzahl,90,80,105,91,98
Kanton Glarus,3 Wohnräume,Leer stehende Neubauwohnung,Anzahl,33,29,25,29,22
Kanton Glarus,3 Wohnräume,Leer stehende Altbauwohnung,Anzahl,60,63,94,78,79
Kanton Glarus,3 Wohnräume,Leer stehende Mietwohnung,Anzahl,89,78,90,81,93
Kanton Glarus,3 Wohnräume,Leer stehende Eigentumswohnung,Anzahl,4,14,29,26,8
Kanton Glarus,4 Wohnräume,Leer stehendes Einfamilienhaus,Anzahl,22,33,41,42,12
Kanton Glarus,4 Wohnräume,Leer stehende Wohnung in Mehrfamilienhaus,Anzahl,97,88,79,63,110
Kanton Glarus,4 Wohnräume,Leer stehende Neubauwohnung,Anzahl,33,36,23,16,24
Kanton Glarus,4 Wohnräume,Leer stehende Altbauwohnung,Anzahl,86,85,97,89,98
Kanton Glarus,4 Wohnräume,Leer stehende Mietwohnung,Anzahl,105,101,85,75,98
Kanton Glarus,4 Wohnräume,Leer stehende Eigentumswohnung,Anzahl,14,20,35,30,24
Kanton Glarus,5 Wohnräume,Leer stehendes Einfamilienhaus,Anzahl,35,43,43,27,24
Kanton Glarus,5 Wohnräume,Leer stehende Wohnung in Mehrfamilienhaus,Anzahl,29,27,20,26,50
Kanton Glarus,5 Wohnräume,Leer stehende Neubauwohnung,Anzahl,6,12,12,9,20
Kanton Glarus,5 Wohnräume,Leer stehende Altbauwohnung,Anzahl,58,58,51,44,54
Kanton Glarus,5 Wohnräume,Leer stehende Mietwohnung,Anzahl,58,55,49,37,53
Kanton Glarus,5 Wohnräume,Leer stehende Eigentumswohnung,Anzahl,6,15,14,16,21
Kanton Glarus,6 Wohnräume und mehr,Leer stehendes Einfamilienhaus,Anzahl,11,26,18,18,15
Kanton Glarus,6 Wohnräume und mehr,Leer stehende Wohnung in Mehrfamilienhaus,Anzahl,11,2,11,15,20
Kanton Glarus,6 Wohnräume und mehr,Leer stehende Neubauwohnung,Anzahl,0,0,6,6,6
Kanton Glarus,6 Wohnräume und mehr,Leer stehende Altbauwohnung,Anzahl,22,28,23,27,29
Kanton Glarus,6 Wohnräume und mehr,Leer stehende Mietwohnung,Anzahl,11,6,10,17,18
Kanton Glarus,6 Wohnräume und mehr,Leer stehende Eigentumswohnung,Anzahl,11,22,19,16,17
Kanton Zug,1 Wohnraum,Leer stehendes Einfamilienhaus,Anzahl,0,0,0,0,0
Kanton Zug,1 Wohnraum,Leer stehende Wohnung in Mehrfamilienhaus,Anzahl,17,17,22,47,25
Kanton Zug,1 Wohnraum,Leer stehende Neubauwohnung,Anzahl,1,1,4,0,0
Kanton Zug,1 Wohnraum,Leer stehende Altbauwohnung,Anzahl,16,16,18,47,25
Kanton Zug,1 Wohnraum,Leer stehende Mietwohnung,Anzahl,17,17,22,46,24
Kanton Zug,1 Wohnraum,Leer stehende Eigentumswohnung,Anzahl,0,0,0,1,1
Kanton Zug,2 Wohnräume,Leer stehendes Einfamilienhaus,Anzahl,0,0,2,0,0
Kanton Zug,2 Wohnräume,Leer stehende Wohnung in Mehrfamilienhaus,Anzahl,53,34,47,33,38
Kanton Zug,2 Wohnräume,Leer stehende Neubauwohnung,Anzahl,6,10,9,2,4
Kanton Zug,2 Wohnräume,Leer stehende Altbauwohnung,Anzahl,47,24,40,31,34
Kanton Zug,2 Wohnräume,Leer stehende Mietwohnung,Anzahl,51,31,43,30,35
Kanton Zug,2 Wohnräume,Leer stehende Eigentumswohnung,Anzahl,2,3,6,3,3
Kanton Zug,3 Wohnräume,Leer stehendes Einfamilienhaus,Anzahl,0,0,1,0,1
Kanton Zug,3 Wohnräume,Leer stehende Wohnung in Mehrfamilienhaus,Anzahl,62,53,103,48,45
Kanton Zug,3 Wohnräume,Leer stehende Neubauwohnung,Anzahl,10,11,20,3,2
Kanton Zug,3 Wohnräume,Leer stehende Altbauwohnung,Anzahl,52,42,84,45,44
Kanton Zug,3 Wohnräume,Leer stehende Mietwohnung,Anzahl,57,48,85,37,30
Kanton Zug,3 Wohnräume,Leer stehende Eigentumswohnung,Anzahl,5,5,19,11,16
Kanton Zug,4 Wohnräume,Leer stehendes Einfamilienhaus,Anzahl,4,0,7,2,1
Kanton Zug,4 Wohnräume,Leer stehende Wohnung in Mehrfamilienhaus,Anzahl,73,74,111,40,44
Kanton Zug,4 Wohnräume,Leer stehende Neubauwohnung,Anzahl,9,12,16,5,0
Kanton Zug,4 Wohnräume,Leer stehende Altbauwohnung,Anzahl,68,62,102,37,45
Kanton Zug,4 Wohnräume,Leer stehende Mietwohnung,Anzahl,52,64,91,26,22
Kanton Zug,4 Wohnräume,Leer stehende Eigentumswohnung,Anzahl,25,10,27,16,23
Kanton Zug,5 Wohnräume,Leer stehendes Einfamilienhaus,Anzahl,6,6,19,7,3
Kanton Zug,5 Wohnräume,Leer stehende Wohnung in Mehrfamilienhaus,Anzahl,16,39,58,13,23
Kanton Zug,5 Wohnräume,Leer stehende Neubauwohnung,Anzahl,1,3,7,2,3
Kanton Zug,5 Wohnräume,Leer stehende Altbauwohnung,Anzahl,21,42,70,18,23
Kanton Zug,5 Wohnräume,Leer stehende Mietwohnung,Anzahl,17,38,47,8,10
Kanton Zug,5 Wohnräume,Leer stehende Eigentumswohnung,Anzahl,5,7,30,12,16
Kanton Zug,6 Wohnräume und mehr,Leer stehendes Einfamilienhaus,Anzahl,12,12,29,9,6
Kanton Zug,6 Wohnräume und mehr,Leer stehende Wohnung in Mehrfamilienhaus,Anzahl,14,9,17,5,10
Kanton Zug,6 Wohnräume und mehr,Leer stehende Neubauwohnung,Anzahl,6,0,5,1,1
Kanton Zug,6 Wohnräume und mehr,Leer stehende Altbauwohnung,Anzahl,20,21,41,13,15
Kanton Zug,6 Wohnräume und mehr,Leer stehende Mietwohnung,Anzahl,9,14,15,2,4
Kanton Zug,6 Wohnräume und mehr,Leer stehende Eigentumswohnung,Anzahl,17,7,31,12,12
Kanton Freiburg,1 Wohnraum,Leer stehendes Einfamilienhaus,Anzahl,1,1,4,7,5
Kanton Freiburg,1 Wohnraum,Leer stehende Wohnung in Mehrfamilienhaus,Anzahl,201,255,194,291,322
Kanton Freiburg,1 Wohnraum,Leer stehende Neubauwohnung,Anzahl,10,49,15,28,14
Kanton Freiburg,1 Wohnraum,Leer stehende Altbauwohnung,Anzahl,192,207,183,270,313
Kanton Freiburg,1 Wohnraum,Leer stehende Mietwohnung,Anzahl,201,254,196,292,324
Kanton Freiburg,1 Wohnraum,Leer stehende Eigentumswohnung,Anzahl,1,2,2,6,3
Kanton Freiburg,2 Wohnräume,Leer stehendes Einfamilienhaus,Anzahl,4,3,6,11,10
Kanton Freiburg,2 Wohnräume,Leer stehende Wohnung in Mehrfamilienhaus,Anzahl,367,484,540,542,600
Kanton Freiburg,2 Wohnräume,Leer stehende Neubauwohnung,Anzahl,46,104,117,70,110
Kanton Freiburg,2 Wohnräume,Leer stehende Altbauwohnung,Anzahl,325,383,429,483,500
Kanton Freiburg,2 Wohnräume,Leer stehende Mietwohnung,Anzahl,355,458,521,533,573
Kanton Freiburg,2 Wohnräume,Leer stehende Eigentumswohnung,Anzahl,16,29,25,20,37
Kanton Freiburg,3 Wohnräume,Leer stehendes Einfamilienhaus,Anzahl,20,18,20,30,28
Kanton Freiburg,3 Wohnräume,Leer stehende Wohnung in Mehrfamilienhaus,Anzahl,773,983,1075,932,1000
Kanton Freiburg,3 Wohnräume,Leer stehende Neubauwohnung,Anzahl,129,144,242,130,164
Kanton Freiburg,3 Wohnräume,Leer stehende Altbauwohnung,Anzahl,664,857,853,832,864
Kanton Freiburg,3 Wohnräume,Leer stehende Mietwohnung,Anzahl,740,910,1037,904,959
Kanton Freiburg,3 Wohnräume,Leer stehende Eigentumswohnung,Anzahl,53,91,58,58,69
Kanton Freiburg,4 Wohnräume,Leer stehendes Einfamilienhaus,Anzahl,49,54,57,60,72
Kanton Freiburg,4 Wohnräume,Leer stehende Wohnung in Mehrfamilienhaus,Anzahl,550,681,734,700,558
Kanton Freiburg,4 Wohnräume,Leer stehende Neubauwohnung,Anzahl,100,148,138,104,98
Kanton Freiburg,4 Wohnräume,Leer stehende Altbauwohnung,Anzahl,499,587,653,656,532
Kanton Freiburg,4 Wohnräume,Leer stehende Mietwohnung,Anzahl,529,612,711,690,540
Kanton Freiburg,4 Wohnräume,Leer stehende Eigentumswohnung,Anzahl,70,123,80,70,90
Kanton Freiburg,5 Wohnräume,Leer stehendes Einfamilienhaus,Anzahl,74,79,58,57,62
Kanton Freiburg,5 Wohnräume,Leer stehende Wohnung in Mehrfamilienhaus,Anzahl,111,122,142,140,112
Kanton Freiburg,5 Wohnräume,Leer stehende Neubauwohnung,Anzahl,29,30,40,29,21
Kanton Freiburg,5 Wohnräume,Leer stehende Altbauwohnung,Anzahl,156,171,160,168,153
Kanton Freiburg,5 Wohnräume,Leer stehende Mietwohnung,Anzahl,121,122,150,131,120
Kanton Freiburg,5 Wohnräume,Leer stehende Eigentumswohnung,Anzahl,64,79,50,66,54
Kanton Freiburg,6 Wohnräume und mehr,Leer stehendes Einfamilienhaus,Anzahl,48,72,70,43,61
Kanton Freiburg,6 Wohnräume und mehr,Leer stehende Wohnung in Mehrfamilienhaus,Anzahl,31,18,27,40,21
Kanton Freiburg,6 Wohnräume und mehr,Leer stehende Neubauwohnung,Anzahl,16,10,18,2,4
Kanton Freiburg,6 Wohnräume und mehr,Leer stehende Altbauwohnung,Anzahl,63,80,79,81,78
Kanton Freiburg,6 Wohnräume und mehr,Leer stehende Mietwohnung,Anzahl,24,31,40,43,37
Kanton Freiburg,6 Wohnräume und mehr,Leer stehende Eigentumswohnung,Anzahl,55,59,57,40,45
Kanton Solothurn,1 Wohnraum,Leer stehendes Einfamilienhaus,Anzahl,4,2,1,3,1
Kanton Solothurn,1 Wohnraum,Leer stehende Wohnung in Mehrfamilienhaus,Anzahl,235,274,263,295,231
Kanton Solothurn,1 Wohnraum,Leer stehende Neubauwohnung,Anzahl,8,13,12,25,6
Kanton Solothurn,1 Wohnraum,Leer stehende Altbauwohnung,Anzahl,231,263,252,273,226
Kanton Solothurn,1 Wohnraum,Leer stehende Mietwohnung,Anzahl,236,275,259,293,228
Kanton Solothurn,1 Wohnraum,Leer stehende Eigentumswohnung,Anzahl,3,1,5,5,4
Kanton Solothurn,2 Wohnräume,Leer stehendes Einfamilienhaus,Anzahl,4,6,2,7,9
Kanton Solothurn,2 Wohnräume,Leer stehende Wohnung in Mehrfamilienhaus,Anzahl,532,643,626,683,656
Kanton Solothurn,2 Wohnräume,Leer stehende Neubauwohnung,Anzahl,50,54,63,53,39
Kanton Solothurn,2 Wohnräume,Leer stehende Altbauwohnung,Anzahl,486,595,565,637,626
Kanton Solothurn,2 Wohnräume,Leer stehende Mietwohnung,Anzahl,514,620,613,675,645
Kanton Solothurn,2 Wohnräume,Leer stehende Eigentumswohnung,Anzahl,22,29,15,15,20
Kanton Solothurn,3 Wohnräume,Leer stehendes Einfamilienhaus,Anzahl,14,31,17,9,26
Kanton Solothurn,3 Wohnräume,Leer stehende Wohnung in Mehrfamilienhaus,Anzahl,1435,1677,1582,1653,1427
Kanton Solothurn,3 Wohnräume,Leer stehende Neubauwohnung,Anzahl,126,122,139,112,62
Kanton Solothurn,3 Wohnräume,Leer stehende Altbauwohnung,Anzahl,1323,1586,1460,1550,1391
Kanton Solothurn,3 Wohnräume,Leer stehende Mietwohnung,Anzahl,1384,1628,1542,1611,1385
Kanton Solothurn,3 Wohnräume,Leer stehende Eigentumswohnung,Anzahl,65,80,57,51,68
Kanton Solothurn,4 Wohnräume,Leer stehendes Einfamilienhaus,Anzahl,84,134,111,75,92
Kanton Solothurn,4 Wohnräume,Leer stehende Wohnung in Mehrfamilienhaus,Anzahl,1188,1273,1266,1183,936
Kanton Solothurn,4 Wohnräume,Leer stehende Neubauwohnung,Anzahl,104,118,113,70,40
Kanton Solothurn,4 Wohnräume,Leer stehende Altbauwohnung,Anzahl,1168,1289,1264,1188,988
Kanton Solothurn,4 Wohnräume,Leer stehende Mietwohnung,Anzahl,1122,1238,1254,1145,913
Kanton Solothurn,4 Wohnräume,Leer stehende Eigentumswohnung,Anzahl,150,169,123,113,115
Kanton Solothurn,5 Wohnräume,Leer stehendes Einfamilienhaus,Anzahl,126,157,163,113,112
Kanton Solothurn,5 Wohnräume,Leer stehende Wohnung in Mehrfamilienhaus,Anzahl,261,282,279,249,174
Kanton Solothurn,5 Wohnräume,Leer stehende Neubauwohnung,Anzahl,40,28,28,24,9
Kanton Solothurn,5 Wohnräume,Leer stehende Altbauwohnung,Anzahl,347,411,414,338,277
Kanton Solothurn,5 Wohnräume,Leer stehende Mietwohnung,Anzahl,277,292,323,266,209
Kanton Solothurn,5 Wohnräume,Leer stehende Eigentumswohnung,Anzahl,110,147,119,96,77
Kanton Solothurn,6 Wohnräume und mehr,Leer stehendes Einfamilienhaus,Anzahl,109,108,121,106,75
Kanton Solothurn,6 Wohnräume und mehr,Leer stehende Wohnung in Mehrfamilienhaus,Anzahl,60,87,59,70,59
Kanton Solothurn,6 Wohnräume und mehr,Leer stehende Neubauwohnung,Anzahl,3,1,3,6,2
Kanton Solothurn,6 Wohnräume und mehr,Leer stehende Altbauwohnung,Anzahl,166,194,177,170,132
Kanton Solothurn,6 Wohnräume und mehr,Leer stehende Mietwohnung,Anzahl,92,101,95,98,75
Kanton Solothurn,6 Wohnräume und mehr,Leer stehende Eigentumswohnung,Anzahl,77,94,85,78,59
Kanton Basel-Stadt,1 Wohnraum,Leer stehendes Einfamilienhaus,Anzahl,0,0,0,0,0
Kanton Basel-Stadt,1 Wohnraum,Leer stehende Wohnung in Mehrfamilienhaus,Anzahl,117,186,188,272,268
Kanton Basel-Stadt,1 Wohnraum,Leer stehende Neubauwohnung,Anzahl,2,19,10,14,12
Kanton Basel-Stadt,1 Wohnraum,Leer stehende Altbauwohnung,Anzahl,115,167,178,258,256
Kanton Basel-Stadt,1 Wohnraum,Leer stehende Mietwohnung,Anzahl,117,186,188,270,265
Kanton Basel-Stadt,1 Wohnraum,Leer stehende Eigentumswohnung,Anzahl,0,0,0,2,3
Kanton Basel-Stadt,2 Wohnräume,Leer stehendes Einfamilienhaus,Anzahl,1,2,0,0,0
Kanton Basel-Stadt,2 Wohnräume,Leer stehende Wohnung in Mehrfamilienhaus,Anzahl,250,325,313,377,417
Kanton Basel-Stadt,2 Wohnräume,Leer stehende Neubauwohnung,Anzahl,9,23,11,4,8
Kanton Basel-Stadt,2 Wohnräume,Leer stehende Altbauwohnung,Anzahl,242,304,302,373,409
Kanton Basel-Stadt,2 Wohnräume,Leer stehende Mietwohnung,Anzahl,249,324,311,376,412
Kanton Basel-Stadt,2 Wohnräume,Leer stehende Eigentumswohnung,Anzahl,2,3,2,1,5
Kanton Basel-Stadt,3 Wohnräume,Leer stehendes Einfamilienhaus,Anzahl,0,3,3,0,1
Kanton Basel-Stadt,3 Wohnräume,Leer stehende Wohnung in Mehrfamilienhaus,Anzahl,267,400,389,447,488
Kanton Basel-Stadt,3 Wohnräume,Leer stehende Neubauwohnung,Anzahl,11,45,13,30,20
Kanton Basel-Stadt,3 Wohnräume,Leer stehende Altbauwohnung,Anzahl,256,358,379,417,469
Kanton Basel-Stadt,3 Wohnräume,Leer stehende Mietwohnung,Anzahl,260,393,385,442,485
Kanton Basel-Stadt,3 Wohnräume,Leer stehende Eigentumswohnung,Anzahl,7,10,7,5,4
Kanton Basel-Stadt,4 Wohnräume,Leer stehendes Einfamilienhaus,Anzahl,3,2,4,1,1
Kanton Basel-Stadt,4 Wohnräume,Leer stehende Wohnung in Mehrfamilienhaus,Anzahl,96,153,125,93,105
Kanton Basel-Stadt,4 Wohnräume,Leer stehende Neubauwohnung,Anzahl,8,19,7,8,1
Kanton Basel-Stadt,4 Wohnräume,Leer stehende Altbauwohnung,Anzahl,91,136,122,86,105
Kanton Basel-Stadt,4 Wohnräume,Leer stehende Mietwohnung,Anzahl,94,149,127,92,105
Kanton Basel-Stadt,4 Wohnräume,Leer stehende Eigentumswohnung,Anzahl,5,6,2,2,1
Kanton Basel-Stadt,5 Wohnräume,Leer stehendes Einfamilienhaus,Anzahl,3,5,2,8,2
Kanton Basel-Stadt,5 Wohnräume,Leer stehende Wohnung in Mehrfamilienhaus,Anzahl,23,36,26,27,24
Kanton Basel-Stadt,5 Wohnräume,Leer stehende Neubauwohnung,Anzahl,0,5,5,4,0
Kanton Basel-Stadt,5 Wohnräume,Leer stehende Altbauwohnung,Anzahl,26,36,23,31,26
Kanton Basel-Stadt,5 Wohnräume,Leer stehende Mietwohnung,Anzahl,20,34,25,31,25
Kanton Basel-Stadt,5 Wohnräume,Leer stehende Eigentumswohnung,Anzahl,6,7,3,4,1
Kanton Basel-Stadt,6 Wohnräume und mehr,Leer stehendes Einfamilienhaus,Anzahl,10,5,9,5,11
Kanton Basel-Stadt,6 Wohnräume und mehr,Leer stehende Wohnung in Mehrfamilienhaus,Anzahl,12,7,14,5,11
Kanton Basel-Stadt,6 Wohnräume und mehr,Leer stehende Neubauwohnung,Anzahl,0,0,6,0,0
Kanton Basel-Stadt,6 Wohnräume und mehr,Leer stehende Altbauwohnung,Anzahl,22,12,17,10,22
Kanton Basel-Stadt,6 Wohnräume und mehr,Leer stehende Mietwohnung,Anzahl,11,11,18,7,20
Kanton Basel-Stadt,6 Wohnräume und mehr,Leer stehende Eigentumswohnung,Anzahl,11,1,5,3,2
Kanton Basel-Landschaft,1 Wohnraum,Leer stehendes Einfamilienhaus,Anzahl,0,1,0,1,0
Kanton Basel-Landschaft,1 Wohnraum,Leer stehende Wohnung in Mehrfamilienhaus,Anzahl,18,35,30,41,24
Kanton Basel-Landschaft,1 Wohnraum,Leer stehende Neubauwohnung,Anzahl,2,10,2,1,0
Kanton Basel-Landschaft,1 Wohnraum,Leer stehende Altbauwohnung,Anzahl,16,26,28,41,24
Kanton Basel-Landschaft,1 Wohnraum,Leer stehende Mietwohnung,Anzahl,18,36,30,41,23
Kanton Basel-Landschaft,1 Wohnraum,Leer stehende Eigentumswohnung,Anzahl,0,0,0,1,1
Kanton Basel-Landschaft,2 Wohnräume,Leer stehendes Einfamilienhaus,Anzahl,0,0,0,1,3
Kanton Basel-Landschaft,2 Wohnräume,Leer stehende Wohnung in Mehrfamilienhaus,Anzahl,84,154,172,176,172
Kanton Basel-Landschaft,2 Wohnräume,Leer stehende Neubauwohnung,Anzahl,18,28,23,18,13
Kanton Basel-Landschaft,2 Wohnräume,Leer stehende Altbauwohnung,Anzahl,66,126,149,159,162
Kanton Basel-Landschaft,2 Wohnräume,Leer stehende Mietwohnung,Anzahl,83,146,168,175,169
Kanton Basel-Landschaft,2 Wohnräume,Leer stehende Eigentumswohnung,Anzahl,1,8,4,2,6
Kanton Basel-Landschaft,3 Wohnräume,Leer stehendes Einfamilienhaus,Anzahl,4,6,0,1,10
Kanton Basel-Landschaft,3 Wohnräume,Leer stehende Wohnung in Mehrfamilienhaus,Anzahl,481,626,712,609,629
Kanton Basel-Landschaft,3 Wohnräume,Leer stehende Neubauwohnung,Anzahl,74,49,51,40,70
Kanton Basel-Landschaft,3 Wohnräume,Leer stehende Altbauwohnung,Anzahl,411,583,661,570,569
Kanton Basel-Landschaft,3 Wohnräume,Leer stehende Mietwohnung,Anzahl,478,597,688,589,614
Kanton Basel-Landschaft,3 Wohnräume,Leer stehende Eigentumswohnung,Anzahl,7,35,24,21,25
Kanton Basel-Landschaft,4 Wohnräume,Leer stehendes Einfamilienhaus,Anzahl,22,31,17,8,13
Kanton Basel-Landschaft,4 Wohnräume,Leer stehende Wohnung in Mehrfamilienhaus,Anzahl,363,498,520,453,410
Kanton Basel-Landschaft,4 Wohnräume,Leer stehende Neubauwohnung,Anzahl,36,24,39,63,40
Kanton Basel-Landschaft,4 Wohnräume,Leer stehende Altbauwohnung,Anzahl,349,505,498,398,383
Kanton Basel-Landschaft,4 Wohnräume,Leer stehende Mietwohnung,Anzahl,358,476,497,433,395
Kanton Basel-Landschaft,4 Wohnräume,Leer stehende Eigentumswohnung,Anzahl,27,53,40,28,28
Kanton Basel-Landschaft,5 Wohnräume,Leer stehendes Einfamilienhaus,Anzahl,21,27,32,15,16
Kanton Basel-Landschaft,5 Wohnräume,Leer stehende Wohnung in Mehrfamilienhaus,Anzahl,50,60,75,66,54
Kanton Basel-Landschaft,5 Wohnräume,Leer stehende Neubauwohnung,Anzahl,10,8,17,14,6
Kanton Basel-Landschaft,5 Wohnräume,Leer stehende Altbauwohnung,Anzahl,61,79,90,67,64
Kanton Basel-Landschaft,5 Wohnräume,Leer stehende Mietwohnung,Anzahl,46,56,78,69,48
Kanton Basel-Landschaft,5 Wohnräume,Leer stehende Eigentumswohnung,Anzahl,25,31,29,12,22
Kanton Basel-Landschaft,6 Wohnräume und mehr,Leer stehendes Einfamilienhaus,Anzahl,13,37,41,19,17
Kanton Basel-Landschaft,6 Wohnräume und mehr,Leer stehende Wohnung in Mehrfamilienhaus,Anzahl,4,17,18,14,5
Kanton Basel-Landschaft,6 Wohnräume und mehr,Leer stehende Neubauwohnung,Anzahl,1,0,2,0,0
Kanton Basel-Landschaft,6 Wohnräume und mehr,Leer stehende Altbauwohnung,Anzahl,16,54,57,33,22
Kanton Basel-Landschaft,6 Wohnräume und mehr,Leer stehende Mietwohnung,Anzahl,6,15,24,25,4
Kanton Basel-Landschaft,6 Wohnräume und mehr,Leer stehende Eigentumswohnung,Anzahl,11,39,35,8,18
Kanton Schaffhausen,1 Wohnraum,Leer stehendes Einfamilienhaus,Anzahl,0,0,0,1,0
Kanton Schaffhausen,1 Wohnraum,Leer stehende Wohnung in Mehrfamilienhaus,Anzahl,51,43,43,28,32
Kanton Schaffhausen,1 Wohnraum,Leer stehende Neubauwohnung,Anzahl,2,2,0,0,1
Kanton Schaffhausen,1 Wohnraum,Leer stehende Altbauwohnung,Anzahl,49,41,43,29,31
Kanton Schaffhausen,1 Wohnraum,Leer stehende Mietwohnung,Anzahl,51,43,43,28,31
Kanton Schaffhausen,1 Wohnraum,Leer stehende Eigentumswohnung,Anzahl,0,0,0,1,1
Kanton Schaffhausen,2 Wohnräume,Leer stehendes Einfamilienhaus,Anzahl,4,0,2,0,1
Kanton Schaffhausen,2 Wohnräume,Leer stehende Wohnung in Mehrfamilienhaus,Anzahl,138,133,117,110,126
Kanton Schaffhausen,2 Wohnräume,Leer stehende Neubauwohnung,Anzahl,15,0,18,0,3
Kanton Schaffhausen,2 Wohnräume,Leer stehende Altbauwohnung,Anzahl,127,133,101,110,124
Kanton Schaffhausen,2 Wohnräume,Leer stehende Mietwohnung,Anzahl,135,131,114,106,120
Kanton Schaffhausen,2 Wohnräume,Leer stehende Eigentumswohnung,Anzahl,7,2,5,4,7
Kanton Schaffhausen,3 Wohnräume,Leer stehendes Einfamilienhaus,Anzahl,5,8,8,0,0
Kanton Schaffhausen,3 Wohnräume,Leer stehende Wohnung in Mehrfamilienhaus,Anzahl,347,323,297,239,267
Kanton Schaffhausen,3 Wohnräume,Leer stehende Neubauwohnung,Anzahl,35,42,26,4,5
Kanton Schaffhausen,3 Wohnräume,Leer stehende Altbauwohnung,Anzahl,317,289,279,235,262
Kanton Schaffhausen,3 Wohnräume,Leer stehende Mietwohnung,Anzahl,341,316,289,227,253
Kanton Schaffhausen,3 Wohnräume,Leer stehende Eigentumswohnung,Anzahl,11,15,16,12,14
Kanton Schaffhausen,4 Wohnräume,Leer stehendes Einfamilienhaus,Anzahl,18,41,13,6,6
Kanton Schaffhausen,4 Wohnräume,Leer stehende Wohnung in Mehrfamilienhaus,Anzahl,326,361,255,204,194
Kanton Schaffhausen,4 Wohnräume,Leer stehende Neubauwohnung,Anzahl,28,15,32,8,11
Kanton Schaffhausen,4 Wohnräume,Leer stehende Altbauwohnung,Anzahl,316,387,236,202,189
Kanton Schaffhausen,4 Wohnräume,Leer stehende Mietwohnung,Anzahl,317,386,239,197,181
Kanton Schaffhausen,4 Wohnräume,Leer stehende Eigentumswohnung,Anzahl,27,16,29,13,19
Kanton Schaffhausen,5 Wohnräume,Leer stehendes Einfamilienhaus,Anzahl,35,61,26,17,16
Kanton Schaffhausen,5 Wohnräume,Leer stehende Wohnung in Mehrfamilienhaus,Anzahl,67,64,60,40,44
Kanton Schaffhausen,5 Wohnräume,Leer stehende Neubauwohnung,Anzahl,7,6,9,5,9
Kanton Schaffhausen,5 Wohnräume,Leer stehende Altbauwohnung,Anzahl,95,119,77,52,51
Kanton Schaffhausen,5 Wohnräume,Leer stehende Mietwohnung,Anzahl,65,92,60,43,42
Kanton Schaffhausen,5 Wohnräume,Leer stehende Eigentumswohnung,Anzahl,37,33,26,14,18
Kanton Schaffhausen,6 Wohnräume und mehr,Leer stehendes Einfamilienhaus,Anzahl,25,26,28,25,19
Kanton Schaffhausen,6 Wohnräume und mehr,Leer stehende Wohnung in Mehrfamilienhaus,Anzahl,20,28,21,21,24
Kanton Schaffhausen,6 Wohnräume und mehr,Leer stehende Neubauwohnung,Anzahl,3,2,2,1,1
Kanton Schaffhausen,6 Wohnräume und mehr,Leer stehende Altbauwohnung,Anzahl,42,52,47,45,42
Kanton Schaffhausen,6 Wohnräume und mehr,Leer stehende Mietwohnung,Anzahl,32,28,24,23,22
Kanton Schaffhausen,6 Wohnräume und mehr,Leer stehende Eigentumswohnung,Anzahl,13,26,25,23,21
Kanton Appenzell A.Rh.,1 Wohnraum,Leer stehendes Einfamilienhaus,Anzahl,0,0,0,0,0
Kanton Appenzell A.Rh.,1 Wohnraum,Leer stehende Wohnung in Mehrfamilienhaus,Anzahl,27,49,32,58,46
Kanton Appenzell A.Rh.,1 Wohnraum,Leer stehende Neubauwohnung,Anzahl,1,3,3,1,3
Kanton Appenzell A.Rh.,1 Wohnraum,Leer stehende Altbauwohnung,Anzahl,26,46,29,57,43
Kanton Appenzell A.Rh.,1 Wohnraum,Leer stehende Mietwohnung,Anzahl,27,48,32,58,45
Kanton Appenzell A.Rh.,1 Wohnraum,Leer stehende Eigentumswohnung,Anzahl,0,1,0,0,1
Kanton Appenzell A.Rh.,2 Wohnräume,Leer stehendes Einfamilienhaus,Anzahl,0,1,1,1,0
Kanton Appenzell A.Rh.,2 Wohnräume,Leer stehende Wohnung in Mehrfamilienhaus,Anzahl,87,89,72,100,122
Kanton Appenzell A.Rh.,2 Wohnräume,Leer stehende Neubauwohnung,Anzahl,8,8,6,8,3
Kanton Appenzell A.Rh.,2 Wohnräume,Leer stehende Altbauwohnung,Anzahl,79,82,67,93,119
Kanton Appenzell A.Rh.,2 Wohnräume,Leer stehende Mietwohnung,Anzahl,83,82,67,93,115
Kanton Appenzell A.Rh.,2 Wohnräume,Leer stehende Eigentumswohnung,Anzahl,4,8,6,8,7
Kanton Appenzell A.Rh.,3 Wohnräume,Leer stehendes Einfamilienhaus,Anzahl,4,5,1,3,2
Kanton Appenzell A.Rh.,3 Wohnräume,Leer stehende Wohnung in Mehrfamilienhaus,Anzahl,174,183,131,168,168
Kanton Appenzell A.Rh.,3 Wohnräume,Leer stehende Neubauwohnung,Anzahl,14,17,9,8,2
Kanton Appenzell A.Rh.,3 Wohnräume,Leer stehende Altbauwohnung,Anzahl,164,171,123,163,168
Kanton Appenzell A.Rh.,3 Wohnräume,Leer stehende Mietwohnung,Anzahl,158,168,117,159,158
Kanton Appenzell A.Rh.,3 Wohnräume,Leer stehende Eigentumswohnung,Anzahl,20,20,15,12,12
Kanton Appenzell A.Rh.,4 Wohnräume,Leer stehendes Einfamilienhaus,Anzahl,20,22,18,12,6
Kanton Appenzell A.Rh.,4 Wohnräume,Leer stehende Wohnung in Mehrfamilienhaus,Anzahl,165,182,129,158,136
Kanton Appenzell A.Rh.,4 Wohnräume,Leer stehende Neubauwohnung,Anzahl,12,19,11,9,6
Kanton Appenzell A.Rh.,4 Wohnräume,Leer stehende Altbauwohnung,Anzahl,173,185,136,161,136
Kanton Appenzell A.Rh.,4 Wohnräume,Leer stehende Mietwohnung,Anzahl,138,167,127,146,120
Kanton Appenzell A.Rh.,4 Wohnräume,Leer stehende Eigentumswohnung,Anzahl,47,37,20,24,22
Kanton Appenzell A.Rh.,5 Wohnräume,Leer stehendes Einfamilienhaus,Anzahl,33,26,21,18,12
Kanton Appenzell A.Rh.,5 Wohnräume,Leer stehende Wohnung in Mehrfamilienhaus,Anzahl,46,43,24,44,32
Kanton Appenzell A.Rh.,5 Wohnräume,Leer stehende Neubauwohnung,Anzahl,7,5,3,5,2
Kanton Appenzell A.Rh.,5 Wohnräume,Leer stehende Altbauwohnung,Anzahl,72,64,42,57,42
Kanton Appenzell A.Rh.,5 Wohnräume,Leer stehende Mietwohnung,Anzahl,47,47,27,41,29
Kanton Appenzell A.Rh.,5 Wohnräume,Leer stehende Eigentumswohnung,Anzahl,32,22,18,21,15
Kanton Appenzell A.Rh.,6 Wohnräume und mehr,Leer stehendes Einfamilienhaus,Anzahl,53,55,43,28,16
Kanton Appenzell A.Rh.,6 Wohnräume und mehr,Leer stehende Wohnung in Mehrfamilienhaus,Anzahl,19,14,10,15,9
Kanton Appenzell A.Rh.,6 Wohnräume und mehr,Leer stehende Neubauwohnung,Anzahl,6,3,1,3,3
Kanton Appenzell A.Rh.,6 Wohnräume und mehr,Leer stehende Altbauwohnung,Anzahl,66,66,52,40,22
Kanton Appenzell A.Rh.,6 Wohnräume und mehr,Leer stehende Mietwohnung,Anzahl,14,17,14,15,6
Kanton Appenzell A.Rh.,6 Wohnräume und mehr,Leer stehende Eigentumswohnung,Anzahl,58,52,39,28,19
Kanton Appenzell I.Rh.,1 Wohnraum,Leer stehendes Einfamilienhaus,Anzahl,0,0,1,0,0
Kanton Appenzell I.Rh.,1 Wohnraum,Leer stehende Wohnung in Mehrfamilienhaus,Anzahl,6,10,16,20,13
Kanton Appenzell I.Rh.,1 Wohnraum,Leer stehende Neubauwohnung,Anzahl,0,0,0,0,0
Kanton Appenzell I.Rh.,1 Wohnraum,Leer stehende Altbauwohnung,Anzahl,6,10,17,20,13
Kanton Appenzell I.Rh.,1 Wohnraum,Leer stehende Mietwohnung,Anzahl,6,10,17,20,13
Kanton Appenzell I.Rh.,1 Wohnraum,Leer stehende Eigentumswohnung,Anzahl,0,0,0,0,0
Kanton Appenzell I.Rh.,2 Wohnräume,Leer stehendes Einfamilienhaus,Anzahl,1,0,0,0,0
Kanton Appenzell I.Rh.,2 Wohnräume,Leer stehende Wohnung in Mehrfamilienhaus,Anzahl,22,56,39,29,22
Kanton Appenzell I.Rh.,2 Wohnräume,Leer stehende Neubauwohnung,Anzahl,4,29,10,6,0
Kanton Appenzell I.Rh.,2 Wohnräume,Leer stehende Altbauwohnung,Anzahl,19,27,29,23,22
Kanton Appenzell I.Rh.,2 Wohnräume,Leer stehende Mietwohnung,Anzahl,23,56,39,29,21
Kanton Appenzell I.Rh.,2 Wohnräume,Leer stehende Eigentumswohnung,Anzahl,0,0,0,0,1
Kanton Appenzell I.Rh.,3 Wohnräume,Leer stehendes Einfamilienhaus,Anzahl,3,2,3,1,0
Kanton Appenzell I.Rh.,3 Wohnräume,Leer stehende Wohnung in Mehrfamilienhaus,Anzahl,41,29,38,49,46
Kanton Appenzell I.Rh.,3 Wohnräume,Leer stehende Neubauwohnung,Anzahl,9,2,0,4,1
Kanton Appenzell I.Rh.,3 Wohnräume,Leer stehende Altbauwohnung,Anzahl,35,29,41,46,45
Kanton Appenzell I.Rh.,3 Wohnräume,Leer stehende Mietwohnung,Anzahl,38,30,40,49,46
Kanton Appenzell I.Rh.,3 Wohnräume,Leer stehende Eigentumswohnung,Anzahl,6,1,1,1,0
Kanton Appenzell I.Rh.,4 Wohnräume,Leer stehendes Einfamilienhaus,Anzahl,9,3,4,10,5
Kanton Appenzell I.Rh.,4 Wohnräume,Leer stehende Wohnung in Mehrfamilienhaus,Anzahl,32,33,24,32,16
Kanton Appenzell I.Rh.,4 Wohnräume,Leer stehende Neubauwohnung,Anzahl,9,4,2,0,1
Kanton Appenzell I.Rh.,4 Wohnräume,Leer stehende Altbauwohnung,Anzahl,32,32,26,42,20
Kanton Appenzell I.Rh.,4 Wohnräume,Leer stehende Mietwohnung,Anzahl,31,34,27,39,18
Kanton Appenzell I.Rh.,4 Wohnräume,Leer stehende Eigentumswohnung,Anzahl,10,2,1,3,3
Kanton Appenzell I.Rh.,5 Wohnräume,Leer stehendes Einfamilienhaus,Anzahl,6,7,9,9,6
Kanton Appenzell I.Rh.,5 Wohnräume,Leer stehende Wohnung in Mehrfamilienhaus,Anzahl,9,5,15,21,12
Kanton Appenzell I.Rh.,5 Wohnräume,Leer stehende Neubauwohnung,Anzahl,3,1,0,0,0
Kanton Appenzell I.Rh.,5 Wohnräume,Leer stehende Altbauwohnung,Anzahl,12,11,24,30,18
Kanton Appenzell I.Rh.,5 Wohnräume,Leer stehende Mietwohnung,Anzahl,12,8,20,29,16
Kanton Appenzell I.Rh.,5 Wohnräume,Leer stehende Eigentumswohnung,Anzahl,3,4,4,1,2
Kanton Appenzell I.Rh.,6 Wohnräume und mehr,Leer stehendes Einfamilienhaus,Anzahl,15,11,15,20,8
Kanton Appenzell I.Rh.,6 Wohnräume und mehr,Leer stehende Wohnung in Mehrfamilienhaus,Anzahl,6,7,10,24,11
Kanton Appenzell I.Rh.,6 Wohnräume und mehr,Leer stehende Neubauwohnung,Anzahl,3,0,1,3,1
Kanton Appenzell I.Rh.,6 Wohnräume und mehr,Leer stehende Altbauwohnung,Anzahl,18,18,24,41,18
Kanton Appenzell I.Rh.,6 Wohnräume und mehr,Leer stehende Mietwohnung,Anzahl,17,13,23,39,18
Kanton Appenzell I.Rh.,6 Wohnräume und mehr,Leer stehende Eigentumswohnung,Anzahl,4,5,2,5,1
Kanton St. Gallen,1 Wohnraum,Leer stehendes Einfamilienhaus,Anzahl,0,0,2,1,2
Kanton St. Gallen,1 Wohnraum,Leer stehende Wohnung in Mehrfamilienhaus,Anzahl,337,369,379,435,379
Kanton St. Gallen,1 Wohnraum,Leer stehende Neubauwohnung,Anzahl,6,19,15,29,10
Kanton St. Gallen,1 Wohnraum,Leer stehende Altbauwohnung,Anzahl,331,350,366,407,371
Kanton St. Gallen,1 Wohnraum,Leer stehende Mietwohnung,Anzahl,326,356,378,433,374
Kanton St. Gallen,1 Wohnraum,Leer stehende Eigentumswohnung,Anzahl,11,13,3,3,7
Kanton St. Gallen,2 Wohnräume,Leer stehendes Einfamilienhaus,Anzahl,4,1,1,2,5
Kanton St. Gallen,2 Wohnräume,Leer stehende Wohnung in Mehrfamilienhaus,Anzahl,810,829,975,806,725
Kanton St. Gallen,2 Wohnräume,Leer stehende Neubauwohnung,Anzahl,132,130,97,133,38
Kanton St. Gallen,2 Wohnräume,Leer stehende Altbauwohnung,Anzahl,682,700,879,675,692
Kanton St. Gallen,2 Wohnräume,Leer stehende Mietwohnung,Anzahl,759,784,917,786,702
Kanton St. Gallen,2 Wohnräume,Leer stehende Eigentumswohnung,Anzahl,55,46,59,22,28
Kanton St. Gallen,3 Wohnräume,Leer stehendes Einfamilienhaus,Anzahl,39,20,15,16,16
Kanton St. Gallen,3 Wohnräume,Leer stehende Wohnung in Mehrfamilienhaus,Anzahl,1725,1692,2015,1792,1411
Kanton St. Gallen,3 Wohnräume,Leer stehende Neubauwohnung,Anzahl,271,225,263,201,95
Kanton St. Gallen,3 Wohnräume,Leer stehende Altbauwohnung,Anzahl,1493,1487,1767,1607,1332
Kanton St. Gallen,3 Wohnräume,Leer stehende Mietwohnung,Anzahl,1617,1581,1853,1682,1348
Kanton St. Gallen,3 Wohnräume,Leer stehende Eigentumswohnung,Anzahl,147,131,177,126,79
Kanton St. Gallen,4 Wohnräume,Leer stehendes Einfamilienhaus,Anzahl,74,99,71,67,38
Kanton St. Gallen,4 Wohnräume,Leer stehende Wohnung in Mehrfamilienhaus,Anzahl,1698,1681,1928,1627,1268
Kanton St. Gallen,4 Wohnräume,Leer stehende Neubauwohnung,Anzahl,253,245,227,160,93
Kanton St. Gallen,4 Wohnräume,Leer stehende Altbauwohnung,Anzahl,1519,1535,1772,1534,1213
Kanton St. Gallen,4 Wohnräume,Leer stehende Mietwohnung,Anzahl,1527,1542,1744,1525,1178
Kanton St. Gallen,4 Wohnräume,Leer stehende Eigentumswohnung,Anzahl,245,238,255,169,128
Kanton St. Gallen,5 Wohnräume,Leer stehendes Einfamilienhaus,Anzahl,158,137,140,98,97
Kanton St. Gallen,5 Wohnräume,Leer stehende Wohnung in Mehrfamilienhaus,Anzahl,420,477,462,359,346
Kanton St. Gallen,5 Wohnräume,Leer stehende Neubauwohnung,Anzahl,40,60,88,80,46
Kanton St. Gallen,5 Wohnräume,Leer stehende Altbauwohnung,Anzahl,538,554,514,377,397
Kanton St. Gallen,5 Wohnräume,Leer stehende Mietwohnung,Anzahl,422,462,421,357,337
Kanton St. Gallen,5 Wohnräume,Leer stehende Eigentumswohnung,Anzahl,156,152,181,100,106
Kanton St. Gallen,6 Wohnräume und mehr,Leer stehendes Einfamilienhaus,Anzahl,196,205,185,121,122
Kanton St. Gallen,6 Wohnräume und mehr,Leer stehende Wohnung in Mehrfamilienhaus,Anzahl,146,108,118,102,118
Kanton St. Gallen,6 Wohnräume und mehr,Leer stehende Neubauwohnung,Anzahl,21,26,12,26,26
Kanton St. Gallen,6 Wohnräume und mehr,Leer stehende Altbauwohnung,Anzahl,321,287,291,197,214
Kanton St. Gallen,6 Wohnräume und mehr,Leer stehende Mietwohnung,Anzahl,178,156,142,114,118
Kanton St. Gallen,6 Wohnräume und mehr,Leer stehende Eigentumswohnung,Anzahl,164,157,161,109,122
Kanton Graubünden,1 Wohnraum,Leer stehendes Einfamilienhaus,Anzahl,1,1,3,1,0
Kanton Graubünden,1 Wohnraum,Leer stehende Wohnung in Mehrfamilienhaus,Anzahl,350,298,293,175,149
Kanton Graubünden,1 Wohnraum,Leer stehende Neubauwohnung,Anzahl,8,21,18,7,5
Kanton Graubünden,1 Wohnraum,Leer stehende Altbauwohnung,Anzahl,343,278,278,169,144
Kanton Graubünden,1 Wohnraum,Leer stehende Mietwohnung,Anzahl,282,234,236,156,116
Kanton Graubünden,1 Wohnraum,Leer stehende Eigentumswohnung,Anzahl,69,65,60,20,33
Kanton Graubünden,2 Wohnräume,Leer stehendes Einfamilienhaus,Anzahl,7,6,4,3,6
Kanton Graubünden,2 Wohnräume,Leer stehende Wohnung in Mehrfamilienhaus,Anzahl,490,545,373,278,173
Kanton Graubünden,2 Wohnräume,Leer stehende Neubauwohnung,Anzahl,40,86,21,19,7
Kanton Graubünden,2 Wohnräume,Leer stehende Altbauwohnung,Anzahl,457,465,356,262,172
Kanton Graubünden,2 Wohnräume,Leer stehende Mietwohnung,Anzahl,327,392,252,219,131
Kanton Graubünden,2 Wohnräume,Leer stehende Eigentumswohnung,Anzahl,170,159,125,62,48
Kanton Graubünden,3 Wohnräume,Leer stehendes Einfamilienhaus,Anzahl,29,30,22,14,18
Kanton Graubünden,3 Wohnräume,Leer stehende Wohnung in Mehrfamilienhaus,Anzahl,693,797,646,387,246
Kanton Graubünden,3 Wohnräume,Leer stehende Neubauwohnung,Anzahl,69,154,44,20,14
Kanton Graubünden,3 Wohnräume,Leer stehende Altbauwohnung,Anzahl,653,673,624,381,250
Kanton Graubünden,3 Wohnräume,Leer stehende Mietwohnung,Anzahl,416,536,459,309,177
Kanton Graubünden,3 Wohnräume,Leer stehende Eigentumswohnung,Anzahl,306,291,209,92,87
Kanton Graubünden,4 Wohnräume,Leer stehendes Einfamilienhaus,Anzahl,78,115,58,51,43
Kanton Graubünden,4 Wohnräume,Leer stehende Wohnung in Mehrfamilienhaus,Anzahl,649,682,571,321,221
Kanton Graubünden,4 Wohnräume,Leer stehende Neubauwohnung,Anzahl,85,135,65,21,21
Kanton Graubünden,4 Wohnräume,Leer stehende Altbauwohnung,Anzahl,642,662,564,351,243
Kanton Graubünden,4 Wohnräume,Leer stehende Mietwohnung,Anzahl,444,472,419,234,154
Kanton Graubünden,4 Wohnräume,Leer stehende Eigentumswohnung,Anzahl,283,325,210,138,110
Kanton Graubünden,5 Wohnräume,Leer stehendes Einfamilienhaus,Anzahl,76,66,55,41,39
Kanton Graubünden,5 Wohnräume,Leer stehende Wohnung in Mehrfamilienhaus,Anzahl,202,213,244,130,102
Kanton Graubünden,5 Wohnräume,Leer stehende Neubauwohnung,Anzahl,46,19,10,5,4
Kanton Graubünden,5 Wohnräume,Leer stehende Altbauwohnung,Anzahl,232,260,289,166,137
Kanton Graubünden,5 Wohnräume,Leer stehende Mietwohnung,Anzahl,129,140,167,102,72
Kanton Graubünden,5 Wohnräume,Leer stehende Eigentumswohnung,Anzahl,149,139,132,69,69
Kanton Graubünden,6 Wohnräume und mehr,Leer stehendes Einfamilienhaus,Anzahl,90,91,82,63,47
Kanton Graubünden,6 Wohnräume und mehr,Leer stehende Wohnung in Mehrfamilienhaus,Anzahl,75,84,97,72,45
Kanton Graubünden,6 Wohnräume und mehr,Leer stehende Neubauwohnung,Anzahl,9,6,0,4,2
Kanton Graubünden,6 Wohnräume und mehr,Leer stehende Altbauwohnung,Anzahl,156,169,179,131,90
Kanton Graubünden,6 Wohnräume und mehr,Leer stehende Mietwohnung,Anzahl,43,46,49,48,38
Kanton Graubünden,6 Wohnräume und mehr,Leer stehende Eigentumswohnung,Anzahl,122,129,130,87,54
Kanton Aargau,1 Wohnraum,Leer stehendes Einfamilienhaus,Anzahl,3,0,4,2,1
Kanton Aargau,1 Wohnraum,Leer stehende Wohnung in Mehrfamilienhaus,Anzahl,361,364,427,467,422
Kanton Aargau,1 Wohnraum,Leer stehende Neubauwohnung,Anzahl,34,30,18,25,24
Kanton Aargau,1 Wohnraum,Leer stehende Altbauwohnung,Anzahl,330,334,413,444,399
Kanton Aargau,1 Wohnraum,Leer stehende Mietwohnung,Anzahl,360,357,427,456,412
Kanton Aargau,1 Wohnraum,Leer stehende Eigentumswohnung,Anzahl,4,7,4,13,11
Kanton Aargau,2 Wohnräume,Leer stehendes Einfamilienhaus,Anzahl,9,11,14,19,1
Kanton Aargau,2 Wohnräume,Leer stehende Wohnung in Mehrfamilienhaus,Anzahl,1065,1103,1144,1008,853
Kanton Aargau,2 Wohnräume,Leer stehende Neubauwohnung,Anzahl,200,204,159,114,41
Kanton Aargau,2 Wohnräume,Leer stehende Neubauwohnung,Anzahl,200,204,159,114,41
Kanton Aargau,2 Wohnräume,Leer stehende Altbauwohnung,Anzahl,874,910,999,913,813
Kanton Aargau,2 Wohnräume,Leer stehende Mietwohnung,Anzahl,1011,1042,1091,968,812
Kanton Aargau,2 Wohnräume,Leer stehende Eigentumswohnung,Anzahl,63,72,67,59,42
Kanton Aargau,3 Wohnräume,Leer stehendes Einfamilienhaus,Anzahl,50,50,74,52,43
Kanton Aargau,3 Wohnräume,Leer stehende Wohnung in Mehrfamilienhaus,Anzahl,2841,2838,3001,2316,1889
Kanton Aargau,3 Wohnräume,Leer stehende Neubauwohnung,Anzahl,623,522,380,234,155
Kanton Aargau,3 Wohnräume,Leer stehende Altbauwohnung,Anzahl,2268,2366,2695,2134,1777
Kanton Aargau,3 Wohnräume,Leer stehende Mietwohnung,Anzahl,2662,2652,2794,2187,1769
Kanton Aargau,3 Wohnräume,Leer stehende Eigentumswohnung,Anzahl,229,236,281,181,163
Kanton Aargau,4 Wohnräume,Leer stehendes Einfamilienhaus,Anzahl,212,194,237,195,149
Kanton Aargau,4 Wohnräume,Leer stehende Wohnung in Mehrfamilienhaus,Anzahl,2546,2482,2448,1958,1469
Kanton Aargau,4 Wohnräume,Leer stehende Neubauwohnung,Anzahl,490,436,252,142,102
Kanton Aargau,4 Wohnräume,Leer stehende Altbauwohnung,Anzahl,2268,2240,2433,2011,1516
Kanton Aargau,4 Wohnräume,Leer stehende Mietwohnung,Anzahl,2352,2313,2285,1865,1359
Kanton Aargau,4 Wohnräume,Leer stehende Eigentumswohnung,Anzahl,406,363,400,288,259
Kanton Aargau,5 Wohnräume,Leer stehendes Einfamilienhaus,Anzahl,322,350,366,263,241
Kanton Aargau,5 Wohnräume,Leer stehende Wohnung in Mehrfamilienhaus,Anzahl,618,598,592,444,366
Kanton Aargau,5 Wohnräume,Leer stehende Neubauwohnung,Anzahl,127,114,84,52,39
Kanton Aargau,5 Wohnräume,Leer stehende Altbauwohnung,Anzahl,813,834,874,655,568
Kanton Aargau,5 Wohnräume,Leer stehende Mietwohnung,Anzahl,618,632,663,519,405
Kanton Aargau,5 Wohnräume,Leer stehende Eigentumswohnung,Anzahl,322,316,295,188,202
Kanton Aargau,6 Wohnräume und mehr,Leer stehendes Einfamilienhaus,Anzahl,249,263,291,196,180
Kanton Aargau,6 Wohnräume und mehr,Leer stehende Wohnung in Mehrfamilienhaus,Anzahl,161,124,135,89,82
Kanton Aargau,6 Wohnräume und mehr,Leer stehende Neubauwohnung,Anzahl,23,16,28,13,11
Kanton Aargau,6 Wohnräume und mehr,Leer stehende Altbauwohnung,Anzahl,387,371,398,272,251
Kanton Aargau,6 Wohnräume und mehr,Leer stehende Mietwohnung,Anzahl,205,183,214,163,118
Kanton Aargau,6 Wohnräume und mehr,Leer stehende Eigentumswohnung,Anzahl,205,204,212,122,144
Kanton Thurgau,1 Wohnraum,Leer stehendes Einfamilienhaus,Anzahl,3,4,3,4,4
Kanton Thurgau,1 Wohnraum,Leer stehende Wohnung in Mehrfamilienhaus,Anzahl,148,188,192,226,183
Kanton Thurgau,1 Wohnraum,Leer stehende Neubauwohnung,Anzahl,24,8,12,17,2
Kanton Thurgau,1 Wohnraum,Leer stehende Altbauwohnung,Anzahl,127,184,183,213,185
Kanton Thurgau,1 Wohnraum,Leer stehende Mietwohnung,Anzahl,147,186,189,224,182
Kanton Thurgau,1 Wohnraum,Leer stehende Eigentumswohnung,Anzahl,4,6,6,6,5
Kanton Thurgau,2 Wohnräume,Leer stehendes Einfamilienhaus,Anzahl,4,6,4,6,6
Kanton Thurgau,2 Wohnräume,Leer stehende Wohnung in Mehrfamilienhaus,Anzahl,422,497,444,439,337
Kanton Thurgau,2 Wohnräume,Leer stehende Neubauwohnung,Anzahl,95,101,77,39,20
Kanton Thurgau,2 Wohnräume,Leer stehende Altbauwohnung,Anzahl,331,402,371,406,323
Kanton Thurgau,2 Wohnräume,Leer stehende Mietwohnung,Anzahl,398,486,426,414,332
Kanton Thurgau,2 Wohnräume,Leer stehende Eigentumswohnung,Anzahl,28,17,22,31,11
Kanton Thurgau,3 Wohnräume,Leer stehendes Einfamilienhaus,Anzahl,20,22,17,17,13
Kanton Thurgau,3 Wohnräume,Leer stehende Wohnung in Mehrfamilienhaus,Anzahl,951,1101,1044,893,729
Kanton Thurgau,3 Wohnräume,Leer stehende Neubauwohnung,Anzahl,239,162,117,74,28
Kanton Thurgau,3 Wohnräume,Leer stehende Altbauwohnung,Anzahl,732,961,944,836,714
Kanton Thurgau,3 Wohnräume,Leer stehende Mietwohnung,Anzahl,880,1039,970,836,700
Kanton Thurgau,3 Wohnräume,Leer stehende Eigentumswohnung,Anzahl,91,84,91,74,42
Kanton Thurgau,4 Wohnräume,Leer stehendes Einfamilienhaus,Anzahl,54,84,50,41,36
Kanton Thurgau,4 Wohnräume,Leer stehende Wohnung in Mehrfamilienhaus,Anzahl,1011,1088,1100,946,702
Kanton Thurgau,4 Wohnräume,Leer stehende Neubauwohnung,Anzahl,233,145,123,82,31
Kanton Thurgau,4 Wohnräume,Leer stehende Altbauwohnung,Anzahl,832,1027,1027,905,707
Kanton Thurgau,4 Wohnräume,Leer stehende Mietwohnung,Anzahl,914,1025,982,878,652
Kanton Thurgau,4 Wohnräume,Leer stehende Eigentumswohnung,Anzahl,151,147,168,109,86
Kanton Thurgau,5 Wohnräume,Leer stehendes Einfamilienhaus,Anzahl,112,147,109,93,72
Kanton Thurgau,5 Wohnräume,Leer stehende Wohnung in Mehrfamilienhaus,Anzahl,288,233,263,231,168
Kanton Thurgau,5 Wohnräume,Leer stehende Neubauwohnung,Anzahl,66,46,25,48,9
Kanton Thurgau,5 Wohnräume,Leer stehende Altbauwohnung,Anzahl,334,334,347,276,231
Kanton Thurgau,5 Wohnräume,Leer stehende Mietwohnung,Anzahl,273,263,281,237,182
Kanton Thurgau,5 Wohnräume,Leer stehende Eigentumswohnung,Anzahl,127,117,91,87,58
Kanton Thurgau,6 Wohnräume und mehr,Leer stehendes Einfamilienhaus,Anzahl,103,106,89,79,65
Kanton Thurgau,6 Wohnräume und mehr,Leer stehende Wohnung in Mehrfamilienhaus,Anzahl,96,99,80,95,67
Kanton Thurgau,6 Wohnräume und mehr,Leer stehende Neubauwohnung,Anzahl,22,6,12,10,5
Kanton Thurgau,6 Wohnräume und mehr,Leer stehende Altbauwohnung,Anzahl,177,199,157,164,127
Kanton Thurgau,6 Wohnräume und mehr,Leer stehende Mietwohnung,Anzahl,110,123,99,105,73
Kanton Thurgau,6 Wohnräume und mehr,Leer stehende Eigentumswohnung,Anzahl,89,82,70,69,59
Kanton Tessin,1 Wohnraum,Leer stehendes Einfamilienhaus,Anzahl,6,8,11,6,16
Kanton Tessin,1 Wohnraum,Leer stehende Wohnung in Mehrfamilienhaus,Anzahl,330,419,517,610,572
Kanton Tessin,1 Wohnraum,Leer stehende Neubauwohnung,Anzahl,58,89,54,97,65
Kanton Tessin,1 Wohnraum,Leer stehende Altbauwohnung,Anzahl,278,338,474,519,523
Kanton Tessin,1 Wohnraum,Leer stehende Mietwohnung,Anzahl,320,406,505,588,574
Kanton Tessin,1 Wohnraum,Leer stehende Eigentumswohnung,Anzahl,16,21,23,28,14
Kanton Tessin,2 Wohnräume,Leer stehendes Einfamilienhaus,Anzahl,48,57,54,54,53
Kanton Tessin,2 Wohnräume,Leer stehende Wohnung in Mehrfamilienhaus,Anzahl,894,1065,1355,1497,1372
Kanton Tessin,2 Wohnräume,Leer stehende Neubauwohnung,Anzahl,242,272,300,276,228
Kanton Tessin,2 Wohnräume,Leer stehende Altbauwohnung,Anzahl,700,850,1109,1275,1197
Kanton Tessin,2 Wohnräume,Leer stehende Mietwohnung,Anzahl,836,1022,1288,1421,1348
Kanton Tessin,2 Wohnräume,Leer stehende Eigentumswohnung,Anzahl,106,100,121,130,77
Kanton Tessin,3 Wohnräume,Leer stehendes Einfamilienhaus,Anzahl,106,113,115,119,116
Kanton Tessin,3 Wohnräume,Leer stehende Wohnung in Mehrfamilienhaus,Anzahl,1502,1800,2111,2341,2085
Kanton Tessin,3 Wohnräume,Leer stehende Neubauwohnung,Anzahl,386,430,459,401,305
Kanton Tessin,3 Wohnräume,Leer stehende Altbauwohnung,Anzahl,1222,1483,1767,2059,1896
Kanton Tessin,3 Wohnräume,Leer stehende Mietwohnung,Anzahl,1375,1626,1933,2164,1997
Kanton Tessin,3 Wohnräume,Leer stehende Eigentumswohnung,Anzahl,233,287,293,296,204
Kanton Tessin,4 Wohnräume,Leer stehendes Einfamilienhaus,Anzahl,142,150,179,153,140
Kanton Tessin,4 Wohnräume,Leer stehende Wohnung in Mehrfamilienhaus,Anzahl,1263,1300,1571,1583,1324
Kanton Tessin,4 Wohnräume,Leer stehende Neubauwohnung,Anzahl,318,296,323,239,183
Kanton Tessin,4 Wohnräume,Leer stehende Altbauwohnung,Anzahl,1087,1154,1427,1497,1281
Kanton Tessin,4 Wohnräume,Leer stehende Mietwohnung,Anzahl,1103,1205,1464,1408,1221
Kanton Tessin,4 Wohnräume,Leer stehende Eigentumswohnung,Anzahl,302,245,286,328,243
Kanton Tessin,5 Wohnräume,Leer stehendes Einfamilienhaus,Anzahl,123,140,141,119,130
Kanton Tessin,5 Wohnräume,Leer stehende Wohnung in Mehrfamilienhaus,Anzahl,195,257,282,256,201
Kanton Tessin,5 Wohnräume,Leer stehende Neubauwohnung,Anzahl,63,59,70,54,56
Kanton Tessin,5 Wohnräume,Leer stehende Altbauwohnung,Anzahl,255,338,353,321,275
Kanton Tessin,5 Wohnräume,Leer stehende Mietwohnung,Anzahl,206,267,297,234,225
Kanton Tessin,5 Wohnräume,Leer stehende Eigentumswohnung,Anzahl,112,130,126,141,106
Kanton Tessin,6 Wohnräume und mehr,Leer stehendes Einfamilienhaus,Anzahl,137,151,203,176,149
Kanton Tessin,6 Wohnräume und mehr,Leer stehende Wohnung in Mehrfamilienhaus,Anzahl,80,74,100,103,104
Kanton Tessin,6 Wohnräume und mehr,Leer stehende Neubauwohnung,Anzahl,19,18,32,20,20
Kanton Tessin,6 Wohnräume und mehr,Leer stehende Altbauwohnung,Anzahl,198,207,271,259,233
Kanton Tessin,6 Wohnräume und mehr,Leer stehende Mietwohnung,Anzahl,87,126,134,126,127
Kanton Tessin,6 Wohnräume und mehr,Leer stehende Eigentumswohnung,Anzahl,130,99,169,153,126
Kanton Waadt,1 Wohnraum,Leer stehendes Einfamilienhaus,Anzahl,21,13,28,35,27
Kanton Waadt,1 Wohnraum,Leer stehende Wohnung in Mehrfamilienhaus,Anzahl,441,428,647,668,605
Kanton Waadt,1 Wohnraum,Leer stehende Neubauwohnung,Anzahl,26,27,66,31,25
Kanton Waadt,1 Wohnraum,Leer stehende Altbauwohnung,Anzahl,436,414,609,672,607
Kanton Waadt,1 Wohnraum,Leer stehende Mietwohnung,Anzahl,438,425,619,673,617
Kanton Waadt,1 Wohnraum,Leer stehende Eigentumswohnung,Anzahl,24,16,56,30,15
Kanton Waadt,2 Wohnräume,Leer stehendes Einfamilienhaus,Anzahl,47,37,63,46,52
Kanton Waadt,2 Wohnräume,Leer stehende Wohnung in Mehrfamilienhaus,Anzahl,716,814,1098,1132,998
Kanton Waadt,2 Wohnräume,Leer stehende Neubauwohnung,Anzahl,83,169,197,131,99
Kanton Waadt,2 Wohnräume,Leer stehende Altbauwohnung,Anzahl,680,682,964,1047,951
Kanton Waadt,2 Wohnräume,Leer stehende Mietwohnung,Anzahl,659,731,1010,1071,982
Kanton Waadt,2 Wohnräume,Leer stehende Eigentumswohnung,Anzahl,104,120,151,107,68
Kanton Waadt,3 Wohnräume,Leer stehendes Einfamilienhaus,Anzahl,91,93,101,108,97
Kanton Waadt,3 Wohnräume,Leer stehende Wohnung in Mehrfamilienhaus,Anzahl,1071,1224,1585,1751,1300
Kanton Waadt,3 Wohnräume,Leer stehende Neubauwohnung,Anzahl,152,304,268,237,90
Kanton Waadt,3 Wohnräume,Leer stehende Altbauwohnung,Anzahl,1010,1013,1418,1622,1307
Kanton Waadt,3 Wohnräume,Leer stehende Mietwohnung,Anzahl,973,1137,1452,1649,1276
Kanton Waadt,3 Wohnräume,Leer stehende Eigentumswohnung,Anzahl,189,180,234,210,121
Kanton Waadt,4 Wohnräume,Leer stehendes Einfamilienhaus,Anzahl,143,164,155,120,115
Kanton Waadt,4 Wohnräume,Leer stehende Wohnung in Mehrfamilienhaus,Anzahl,867,883,1028,937,770
Kanton Waadt,4 Wohnräume,Leer stehende Neubauwohnung,Anzahl,183,230,154,122,73
Kanton Waadt,4 Wohnräume,Leer stehende Altbauwohnung,Anzahl,827,817,1029,935,812
Kanton Waadt,4 Wohnräume,Leer stehende Mietwohnung,Anzahl,756,800,883,844,691
Kanton Waadt,4 Wohnräume,Leer stehende Eigentumswohnung,Anzahl,254,247,300,213,194
Kanton Waadt,5 Wohnräume,Leer stehendes Einfamilienhaus,Anzahl,152,176,171,190,134
Kanton Waadt,5 Wohnräume,Leer stehende Wohnung in Mehrfamilienhaus,Anzahl,452,300,359,329,263
Kanton Waadt,5 Wohnräume,Leer stehende Neubauwohnung,Anzahl,43,42,24,29,17
Kanton Waadt,5 Wohnräume,Leer stehende Altbauwohnung,Anzahl,561,434,506,490,380
Kanton Waadt,5 Wohnräume,Leer stehende Mietwohnung,Anzahl,412,289,334,288,274
Kanton Waadt,5 Wohnräume,Leer stehende Eigentumswohnung,Anzahl,192,187,196,231,123
Kanton Waadt,6 Wohnräume und mehr,Leer stehendes Einfamilienhaus,Anzahl,290,269,313,291,238
Kanton Waadt,6 Wohnräume und mehr,Leer stehende Wohnung in Mehrfamilienhaus,Anzahl,94,111,151,97,120
Kanton Waadt,6 Wohnräume und mehr,Leer stehende Neubauwohnung,Anzahl,20,16,16,10,12
Kanton Waadt,6 Wohnräume und mehr,Leer stehende Altbauwohnung,Anzahl,364,364,448,378,346
Kanton Waadt,6 Wohnräume und mehr,Leer stehende Mietwohnung,Anzahl,144,150,181,133,126
Kanton Waadt,6 Wohnräume und mehr,Leer stehende Eigentumswohnung,Anzahl,240,230,283,255,232
Kanton Wallis,1 Wohnraum,Leer stehendes Einfamilienhaus,Anzahl,8,12,9,6,9
Kanton Wallis,1 Wohnraum,Leer stehende Wohnung in Mehrfamilienhaus,Anzahl,671,570,746,786,726
Kanton Wallis,1 Wohnraum,Leer stehende Neubauwohnung,Anzahl,87,51,49,89,81
Kanton Wallis,1 Wohnraum,Leer stehende Altbauwohnung,Anzahl,592,531,706,703,654
Kanton Wallis,1 Wohnraum,Leer stehende Mietwohnung,Anzahl,523,490,603,620,564
Kanton Wallis,1 Wohnraum,Leer stehende Eigentumswohnung,Anzahl,156,92,152,172,171
Kanton Wallis,2 Wohnräume,Leer stehendes Einfamilienhaus,Anzahl,34,41,46,29,26
Kanton Wallis,2 Wohnräume,Leer stehende Wohnung in Mehrfamilienhaus,Anzahl,1180,1090,1306,1286,982
Kanton Wallis,2 Wohnräume,Leer stehende Neubauwohnung,Anzahl,199,139,197,253,152
Kanton Wallis,2 Wohnräume,Leer stehende Altbauwohnung,Anzahl,1015,992,1155,1062,856
Kanton Wallis,2 Wohnräume,Leer stehende Mietwohnung,Anzahl,854,838,1003,915,732
Kanton Wallis,2 Wohnräume,Leer stehende Eigentumswohnung,Anzahl,360,293,349,400,276
Kanton Wallis,3 Wohnräume,Leer stehendes Einfamilienhaus,Anzahl,119,82,127,79,70
Kanton Wallis,3 Wohnräume,Leer stehende Wohnung in Mehrfamilienhaus,Anzahl,1655,1627,1808,1745,1404
Kanton Wallis,3 Wohnräume,Leer stehende Neubauwohnung,Anzahl,344,226,265,336,181
Kanton Wallis,3 Wohnräume,Leer stehende Altbauwohnung,Anzahl,1430,1483,1670,1488,1293
Kanton Wallis,3 Wohnräume,Leer stehende Mietwohnung,Anzahl,1245,1193,1376,1262,1010
Kanton Wallis,3 Wohnräume,Leer stehende Eigentumswohnung,Anzahl,529,516,559,562,464
Kanton Wallis,4 Wohnräume,Leer stehendes Einfamilienhaus,Anzahl,268,179,203,184,148
Kanton Wallis,4 Wohnräume,Leer stehende Wohnung in Mehrfamilienhaus,Anzahl,1239,1126,1341,1208,1032
Kanton Wallis,4 Wohnräume,Leer stehende Neubauwohnung,Anzahl,232,173,173,193,99
Kanton Wallis,4 Wohnräume,Leer stehende Altbauwohnung,Anzahl,1275,1132,1371,1199,1081
Kanton Wallis,4 Wohnräume,Leer stehende Mietwohnung,Anzahl,971,802,953,846,709
Kanton Wallis,4 Wohnräume,Leer stehende Eigentumswohnung,Anzahl,536,503,591,546,471
Kanton Wallis,5 Wohnräume,Leer stehendes Einfamilienhaus,Anzahl,186,148,134,144,117
Kanton Wallis,5 Wohnräume,Leer stehende Wohnung in Mehrfamilienhaus,Anzahl,340,325,327,303,267
Kanton Wallis,5 Wohnräume,Leer stehende Neubauwohnung,Anzahl,78,55,41,68,31
Kanton Wallis,5 Wohnräume,Leer stehende Altbauwohnung,Anzahl,448,418,420,379,353
Kanton Wallis,5 Wohnräume,Leer stehende Mietwohnung,Anzahl,298,228,201,192,183
Kanton Wallis,5 Wohnräume,Leer stehende Eigentumswohnung,Anzahl,228,245,260,255,201
Kanton Wallis,6 Wohnräume und mehr,Leer stehendes Einfamilienhaus,Anzahl,159,115,102,144,121
Kanton Wallis,6 Wohnräume und mehr,Leer stehende Wohnung in Mehrfamilienhaus,Anzahl,128,57,102,114,86
Kanton Wallis,6 Wohnräume und mehr,Leer stehende Neubauwohnung,Anzahl,18,5,8,17,10
Kanton Wallis,6 Wohnräume und mehr,Leer stehende Altbauwohnung,Anzahl,269,167,196,241,197
Kanton Wallis,6 Wohnräume und mehr,Leer stehende Mietwohnung,Anzahl,101,47,66,56,61
Kanton Wallis,6 Wohnräume und mehr,Leer stehende Eigentumswohnung,Anzahl,186,125,138,202,146
Kanton Neuenburg,1 Wohnraum,Leer stehendes Einfamilienhaus,Anzahl,1,0,1,1,0
Kanton Neuenburg,1 Wohnraum,Leer stehende Wohnung in Mehrfamilienhaus,Anzahl,96,209,147,182,160
Kanton Neuenburg,1 Wohnraum,Leer stehende Neubauwohnung,Anzahl,0,52,5,0,4
Kanton Neuenburg,1 Wohnraum,Leer stehende Altbauwohnung,Anzahl,97,157,143,183,156
Kanton Neuenburg,1 Wohnraum,Leer stehende Mietwohnung,Anzahl,96,209,147,182,159
Kanton Neuenburg,1 Wohnraum,Leer stehende Eigentumswohnung,Anzahl,1,0,1,1,1
Kanton Neuenburg,2 Wohnräume,Leer stehendes Einfamilienhaus,Anzahl,0,0,1,0,5
Kanton Neuenburg,2 Wohnräume,Leer stehende Wohnung in Mehrfamilienhaus,Anzahl,231,286,280,385,336
Kanton Neuenburg,2 Wohnräume,Leer stehende Neubauwohnung,Anzahl,1,5,8,40,34
Kanton Neuenburg,2 Wohnräume,Leer stehende Altbauwohnung,Anzahl,230,281,273,345,307
Kanton Neuenburg,2 Wohnräume,Leer stehende Mietwohnung,Anzahl,230,285,278,371,330
Kanton Neuenburg,2 Wohnräume,Leer stehende Eigentumswohnung,Anzahl,1,1,3,14,11
Kanton Neuenburg,3 Wohnräume,Leer stehendes Einfamilienhaus,Anzahl,5,4,7,9,9
Kanton Neuenburg,3 Wohnräume,Leer stehende Wohnung in Mehrfamilienhaus,Anzahl,847,961,960,1006,918
Kanton Neuenburg,3 Wohnräume,Leer stehende Neubauwohnung,Anzahl,9,10,19,30,35
Kanton Neuenburg,3 Wohnräume,Leer stehende Altbauwohnung,Anzahl,843,955,948,985,892
Kanton Neuenburg,3 Wohnräume,Leer stehende Mietwohnung,Anzahl,837,954,950,1008,913
Kanton Neuenburg,3 Wohnräume,Leer stehende Eigentumswohnung,Anzahl,15,11,17,7,14
Kanton Neuenburg,4 Wohnräume,Leer stehendes Einfamilienhaus,Anzahl,11,14,16,7,7
Kanton Neuenburg,4 Wohnräume,Leer stehende Wohnung in Mehrfamilienhaus,Anzahl,545,582,638,549,583
Kanton Neuenburg,4 Wohnräume,Leer stehende Neubauwohnung,Anzahl,25,7,51,11,3
Kanton Neuenburg,4 Wohnräume,Leer stehende Altbauwohnung,Anzahl,531,589,603,545,587
Kanton Neuenburg,4 Wohnräume,Leer stehende Mietwohnung,Anzahl,540,581,619,538,570
Kanton Neuenburg,4 Wohnräume,Leer stehende Eigentumswohnung,Anzahl,16,15,35,18,20
Kanton Neuenburg,5 Wohnräume,Leer stehendes Einfamilienhaus,Anzahl,12,20,17,6,13
Kanton Neuenburg,5 Wohnräume,Leer stehende Wohnung in Mehrfamilienhaus,Anzahl,137,146,138,102,88
Kanton Neuenburg,5 Wohnräume,Leer stehende Neubauwohnung,Anzahl,5,5,6,0,0
Kanton Neuenburg,5 Wohnräume,Leer stehende Altbauwohnung,Anzahl,144,161,149,108,101
Kanton Neuenburg,5 Wohnräume,Leer stehende Mietwohnung,Anzahl,132,146,138,106,93
Kanton Neuenburg,5 Wohnräume,Leer stehende Eigentumswohnung,Anzahl,17,20,17,2,8
Kanton Neuenburg,6 Wohnräume und mehr,Leer stehendes Einfamilienhaus,Anzahl,15,16,17,16,14
Kanton Neuenburg,6 Wohnräume und mehr,Leer stehende Wohnung in Mehrfamilienhaus,Anzahl,27,43,44,26,26
Kanton Neuenburg,6 Wohnräume und mehr,Leer stehende Neubauwohnung,Anzahl,1,1,1,0,0
Kanton Neuenburg,6 Wohnräume und mehr,Leer stehende Altbauwohnung,Anzahl,41,58,60,42,40
Kanton Neuenburg,6 Wohnräume und mehr,Leer stehende Mietwohnung,Anzahl,30,43,46,28,23
Kanton Neuenburg,6 Wohnräume und mehr,Leer stehende Eigentumswohnung,Anzahl,12,16,15,14,17
Kanton Genf,1 Wohnraum,Leer stehendes Einfamilienhaus,Anzahl,0,0,1,0,1
Kanton Genf,1 Wohnraum,Leer stehende Wohnung in Mehrfamilienhaus,Anzahl,233,236,241,351,194
Kanton Genf,1 Wohnraum,Leer stehende Neubauwohnung,Anzahl,3,12,3,28,1
Kanton Genf,1 Wohnraum,Leer stehende Altbauwohnung,Anzahl,230,224,239,323,194
Kanton Genf,1 Wohnraum,Leer stehende Mietwohnung,Anzahl,226,228,240,348,192
Kanton Genf,1 Wohnraum,Leer stehende Eigentumswohnung,Anzahl,7,8,2,3,3
Kanton Genf,2 Wohnräume,Leer stehendes Einfamilienhaus,Anzahl,4,2,0,2,2
Kanton Genf,2 Wohnräume,Leer stehende Wohnung in Mehrfamilienhaus,Anzahl,242,238,238,271,206
Kanton Genf,2 Wohnräume,Leer stehende Neubauwohnung,Anzahl,9,13,21,14,4
Kanton Genf,2 Wohnräume,Leer stehende Altbauwohnung,Anzahl,237,227,217,259,204
Kanton Genf,2 Wohnräume,Leer stehende Mietwohnung,Anzahl,227,228,232,257,198
Kanton Genf,2 Wohnräume,Leer stehende Eigentumswohnung,Anzahl,19,12,6,16,10
Kanton Genf,3 Wohnräume,Leer stehendes Einfamilienhaus,Anzahl,3,8,1,2,4
Kanton Genf,3 Wohnräume,Leer stehende Wohnung in Mehrfamilienhaus,Anzahl,223,257,248,271,193
Kanton Genf,3 Wohnräume,Leer stehende Neubauwohnung,Anzahl,10,19,12,31,1
Kanton Genf,3 Wohnräume,Leer stehende Altbauwohnung,Anzahl,216,246,237,242,196
Kanton Genf,3 Wohnräume,Leer stehende Mietwohnung,Anzahl,189,238,224,246,167
Kanton Genf,3 Wohnräume,Leer stehende Eigentumswohnung,Anzahl,37,27,25,27,30
Kanton Genf,4 Wohnräume,Leer stehendes Einfamilienhaus,Anzahl,25,12,18,12,15
Kanton Genf,4 Wohnräume,Leer stehende Wohnung in Mehrfamilienhaus,Anzahl,140,152,137,110,121
Kanton Genf,4 Wohnräume,Leer stehende Neubauwohnung,Anzahl,8,4,11,2,1
Kanton Genf,4 Wohnräume,Leer stehende Altbauwohnung,Anzahl,157,160,144,120,135
Kanton Genf,4 Wohnräume,Leer stehende Mietwohnung,Anzahl,125,129,120,93,108
Kanton Genf,4 Wohnräume,Leer stehende Eigentumswohnung,Anzahl,40,35,35,29,28
Kanton Genf,5 Wohnräume,Leer stehendes Einfamilienhaus,Anzahl,46,39,27,14,12
Kanton Genf,5 Wohnräume,Leer stehende Wohnung in Mehrfamilienhaus,Anzahl,87,101,84,72,70
Kanton Genf,5 Wohnräume,Leer stehende Neubauwohnung,Anzahl,4,7,9,2,1
Kanton Genf,5 Wohnräume,Leer stehende Altbauwohnung,Anzahl,129,133,102,84,81
Kanton Genf,5 Wohnräume,Leer stehende Mietwohnung,Anzahl,81,92,80,60,45
Kanton Genf,5 Wohnräume,Leer stehende Eigentumswohnung,Anzahl,52,48,31,26,37
Kanton Genf,6 Wohnräume und mehr,Leer stehendes Einfamilienhaus,Anzahl,130,128,82,53,47
Kanton Genf,6 Wohnräume und mehr,Leer stehende Wohnung in Mehrfamilienhaus,Anzahl,89,87,92,74,46
Kanton Genf,6 Wohnräume und mehr,Leer stehende Neubauwohnung,Anzahl,0,2,1,1,0
Kanton Genf,6 Wohnräume und mehr,Leer stehende Altbauwohnung,Anzahl,219,213,173,126,93
Kanton Genf,6 Wohnräume und mehr,Leer stehende Mietwohnung,Anzahl,69,81,92,50,35
Kanton Genf,6 Wohnräume und mehr,Leer stehende Eigentumswohnung,Anzahl,150,134,82,77,58
Kanton Jura,1 Wohnraum,Leer stehendes Einfamilienhaus,Anzahl,2,0,0,0,1
Kanton Jura,1 Wohnraum,Leer stehende Wohnung in Mehrfamilienhaus,Anzahl,54,41,48,53,71
Kanton Jura,1 Wohnraum,Leer stehende Neubauwohnung,Anzahl,13,2,7,0,1
Kanton Jura,1 Wohnraum,Leer stehende Altbauwohnung,Anzahl,43,39,41,53,71
Kanton Jura,1 Wohnraum,Leer stehende Mietwohnung,Anzahl,56,38,45,50,71
Kanton Jura,1 Wohnraum,Leer stehende Eigentumswohnung,Anzahl,0,3,3,3,1
Kanton Jura,2 Wohnräume,Leer stehendes Einfamilienhaus,Anzahl,7,5,3,2,2
Kanton Jura,2 Wohnräume,Leer stehende Wohnung in Mehrfamilienhaus,Anzahl,120,104,108,132,214
Kanton Jura,2 Wohnräume,Leer stehende Neubauwohnung,Anzahl,32,15,8,9,31
Kanton Jura,2 Wohnräume,Leer stehende Altbauwohnung,Anzahl,95,94,103,125,185
Kanton Jura,2 Wohnräume,Leer stehende Mietwohnung,Anzahl,109,97,93,123,192
Kanton Jura,2 Wohnräume,Leer stehende Eigentumswohnung,Anzahl,18,12,18,11,24
Kanton Jura,3 Wohnräume,Leer stehendes Einfamilienhaus,Anzahl,16,11,15,15,12
Kanton Jura,3 Wohnräume,Leer stehende Wohnung in Mehrfamilienhaus,Anzahl,246,250,269,288,350
Kanton Jura,3 Wohnräume,Leer stehende Neubauwohnung,Anzahl,32,25,34,22,27
Kanton Jura,3 Wohnräume,Leer stehende Altbauwohnung,Anzahl,230,236,250,281,335
Kanton Jura,3 Wohnräume,Leer stehende Mietwohnung,Anzahl,220,228,238,270,308
Kanton Jura,3 Wohnräume,Leer stehende Eigentumswohnung,Anzahl,42,33,46,33,54
Kanton Jura,4 Wohnräume,Leer stehendes Einfamilienhaus,Anzahl,55,50,46,30,18
Kanton Jura,4 Wohnräume,Leer stehende Wohnung in Mehrfamilienhaus,Anzahl,302,299,305,317,337
Kanton Jura,4 Wohnräume,Leer stehende Neubauwohnung,Anzahl,64,55,54,46,46
Kanton Jura,4 Wohnräume,Leer stehende Altbauwohnung,Anzahl,293,294,297,301,309
Kanton Jura,4 Wohnräume,Leer stehende Mietwohnung,Anzahl,247,265,254,259,288
Kanton Jura,4 Wohnräume,Leer stehende Eigentumswohnung,Anzahl,110,84,97,88,67
Kanton Jura,5 Wohnräume,Leer stehendes Einfamilienhaus,Anzahl,50,63,58,39,41
Kanton Jura,5 Wohnräume,Leer stehende Wohnung in Mehrfamilienhaus,Anzahl,46,67,67,62,66
Kanton Jura,5 Wohnräume,Leer stehende Neubauwohnung,Anzahl,9,20,20,14,5
Kanton Jura,5 Wohnräume,Leer stehende Altbauwohnung,Anzahl,87,110,105,87,102
Kanton Jura,5 Wohnräume,Leer stehende Mietwohnung,Anzahl,44,59,56,58,55
Kanton Jura,5 Wohnräume,Leer stehende Eigentumswohnung,Anzahl,52,71,69,43,52
Kanton Jura,6 Wohnräume und mehr,Leer stehendes Einfamilienhaus,Anzahl,50,88,41,67,60
Kanton Jura,6 Wohnräume und mehr,Leer stehende Wohnung in Mehrfamilienhaus,Anzahl,26,19,24,9,20
Kanton Jura,6 Wohnräume und mehr,Leer stehende Neubauwohnung,Anzahl,4,1,1,11,6
Kanton Jura,6 Wohnräume und mehr,Leer stehende Altbauwohnung,Anzahl,72,106,64,65,74
Kanton Jura,6 Wohnräume und mehr,Leer stehende Mietwohnung,Anzahl,11,18,11,8,9
Kanton Jura,6 Wohnräume und mehr,Leer stehende Eigentumswohnung,Anzahl,65,89,54,68,71
